id,nombre,email,rol
user_0001,Mr. Jonathan Parker Jr.,nlevy@hotmail.com,staff
user_0002,Anthony Simpson,amanda16@gmail.com,administrador
user_0003,Monica Gallagher,moralesashley@gmail.com,administrador
user_0004,Dylan Hughes,marcia99@gmail.com,cliente
user_0005,Brent Brooks,kari39@hotmail.com,cliente
user_0006,Andrew Williams,jstone@hotmail.com,staff
user_0007,Brenda Velazquez,phillipjensen@yahoo.com,administrador
user_0008,Katie Hicks,thomas05@yahoo.com,cliente
user_0009,Veronica Silva,pbaker@lane.com,cliente
user_0010,Michelle Hampton,lorraineallen@hotmail.com,cliente
user_0011,Ashley Smith,shernandez@gmail.com,cliente
user_0012,Reginald Knapp,aprilhoffman@mendoza.info,staff
user_0013,Gloria Gomez,plee@yahoo.com,cliente
user_0014,Courtney Dudley,janet75@yahoo.com,staff
user_0015,Timothy Pope,david86@yahoo.com,administrador
user_0016,Tina Ballard,robertsjennifer@yahoo.com,staff
user_0017,Mary Burgess,marianelson@horton.org,cliente
user_0018,Anthony Stein,briangutierrez@kennedy.net,administrador
user_0019,Brooke Delgado,wsantos@yahoo.com,administrador
user_0020,Matthew Velez,amandasharp@gentry.biz,staff
user_0021,Casey Gillespie,vlopez@yahoo.com,administrador
user_0022,Alexandra Bradley,justin88@small-anderson.net,staff
user_0023,Corey Rodriguez,twong@smith.com,administrador
user_0024,Nicole Thompson,frobertson@yahoo.com,staff
user_0025,Cathy Taylor,adamreyes@yahoo.com,cliente
user_0026,Tiffany Turner,desiree30@wilson.net,staff
user_0027,Stacy Carrillo,michael33@mendoza.org,staff
user_0028,Michael Durham,erinlarson@fox.com,cliente
user_0029,Justin Brown,franklinbond@wilson-harris.org,staff
user_0030,Steven Griffin Jr.,dbryant@ford.biz,staff
user_0031,Aaron Robinson,hendersonisabella@mcknight.info,administrador
user_0032,Jason Mack,victoria67@yahoo.com,staff
user_0033,Michael Stanley,david86@anderson.com,administrador
user_0034,Julie Ball,pmorrow@yahoo.com,cliente
user_0035,Donald Pineda,pachecorobert@allen.com,administrador
user_0036,Jill Powers,joymorales@fernandez.com,administrador
user_0037,Donna Cabrera,joel28@gmail.com,cliente
user_0038,Donald Hawkins,dpeters@david-powers.net,administrador
user_0039,Jason Hernandez,karenwells@gmail.com,cliente
user_0040,Michael Shaffer,jfaulkner@anderson.com,staff
user_0041,Sarah Davis,adamsemily@williams.org,staff
user_0042,Kristin Mendoza,susan03@gmail.com,administrador
user_0043,Autumn Key,heatherpadilla@yahoo.com,staff
user_0044,Kristen Rowe,wferguson@yahoo.com,cliente
user_0045,Jose Crawford,ugill@wood.com,staff
user_0046,Connie Thomas,mphillips@yahoo.com,cliente
user_0047,Kelly Sanchez,kathryn77@yahoo.com,staff
user_0048,Robert Jackson,sabrinaweaver@hotmail.com,administrador
user_0049,Kelly Combs,duranrobert@hall.net,staff
user_0050,Antonio Little,ismith@hotmail.com,staff
user_0051,Alan Bowen,shawheidi@yahoo.com,staff
user_0052,Susan Rodriguez,johnharvey@ochoa-adams.biz,cliente
user_0053,Tyler Stevens,kevinclayton@valdez.com,cliente
user_0054,James Tran,warnerchristopher@newman-rivera.com,administrador
user_0055,Tamara Hall,brandon14@hotmail.com,cliente
user_0056,Amanda Mcfarland,alibrenda@hotmail.com,staff
user_0057,Tanya Evans,irhodes@reyes-singh.com,staff
user_0058,Valerie Brown,marypeterson@hotmail.com,cliente
user_0059,Jennifer Ayala,kristen77@kelly.biz,staff
user_0060,Kevin James,jennifermiller@gmail.com,administrador
user_0061,Richard Moore,michael10@yahoo.com,administrador
user_0062,Philip Garcia,ryanhawkins@russell.com,cliente
user_0063,Rachel Shields,robert18@armstrong.biz,cliente
user_0064,Derrick Adams,jacksonjoshua@washington-jones.com,administrador
user_0065,Michelle Simpson,trodriguez@rush.org,administrador
user_0066,Scott Alexander,kevinmorrison@hotmail.com,cliente
user_0067,Ernest Oconnell,jessica79@gmail.com,cliente
user_0068,Douglas Hartman,frederickjames@hotmail.com,cliente
user_0069,Randall Johnson,samuelcarter@hotmail.com,staff
user_0070,Ryan Pope,cynthiaallen@hotmail.com,cliente
user_0071,Jay Bennett,iaguilar@hotmail.com,cliente
user_0072,Sheila Barnes,jacqueline89@rocha.com,staff
user_0073,Lonnie Hart,tammy61@gmail.com,administrador
user_0074,Daniel Burgess,dbrooks@chapman.com,cliente
user_0075,Mr. Thomas Miller,larry73@webb.info,staff
user_0076,Eric Patrick,sweeneydeborah@marsh.net,cliente
user_0077,Christopher Castro,laurensoto@gmail.com,cliente
user_0078,Jessica Johnson,yvargas@bush.com,staff
user_0079,Rhonda Brown,michaelgonzalez@baker.net,administrador
user_0080,Emily Price,baileymegan@hotmail.com,staff
user_0081,Michael Mcbride,lawrenceallen@white.com,cliente
user_0082,Jennifer Taylor,olopez@hotmail.com,administrador
user_0083,Maria Cooke,lroberts@wilkinson-harvey.com,staff
user_0084,Kari Lee,fortiz@yahoo.com,staff
user_0085,Jill Jackson,kellyhill@roberts.info,administrador
user_0086,Ashley Wilson,wolfscott@gmail.com,cliente
user_0087,Ashley Greer PhD,colemichael@gmail.com,staff
user_0088,Xavier Rowe,lisamatthews@callahan-bishop.biz,staff
user_0089,Charles Clark,hudsonamanda@ryan.com,staff
user_0090,Tiffany Robertson,sydneyfloyd@riddle.com,cliente
user_0091,Brandi Thomas,kathleenlowe@yahoo.com,staff
user_0092,Mark Burton,yjones@gmail.com,administrador
user_0093,Paul Neal,uclements@hotmail.com,administrador
user_0094,Raymond Oconnor,melissa86@gmail.com,staff
user_0095,Samantha Simpson,matthew92@hotmail.com,staff
user_0096,Rachel Shannon,garciakristen@smith-noble.com,administrador
user_0097,Aaron Rubio,nicoleturner@davis-ward.com,administrador
user_0098,Steven Martin,jessica36@hotmail.com,staff
user_0099,Brandon Lewis,brittneystone@smith-dominguez.com,administrador
user_0100,Jennifer Anderson MD,crosscurtis@yahoo.com,cliente
user_0101,Edwin Reyes,caseyelliott@santos.com,cliente
user_0102,Lisa Ramos,mosleydonald@lawrence.com,cliente
user_0103,Emily Taylor,wrightcarolyn@hotmail.com,cliente
user_0104,Peggy Vaughn,aprilhicks@hotmail.com,administrador
user_0105,Matthew Bowers,pcruz@little-jones.com,cliente
user_0106,Dr. Bonnie Valencia,amy27@gmail.com,staff
user_0107,Austin Baker,fryraymond@fuller-mason.biz,staff
user_0108,James Davidson,christopher18@mccann.net,cliente
user_0109,Kevin Hines,holly30@miller.com,staff
user_0110,Lee Parker,smithderrick@martin.net,cliente
user_0111,Samantha Green,karamarks@hotmail.com,cliente
user_0112,Patricia Johnson,alexandria49@hotmail.com,cliente
user_0113,Jesse Ward,michaelscott@gmail.com,staff
user_0114,Megan Wilson,trevinoalexander@ruiz.com,staff
user_0115,Tyler Johnson,marcbutler@hotmail.com,cliente
user_0116,Roger Duncan,whitelinda@finley.info,cliente
user_0117,Patricia Collins,msmith@elliott-torres.org,cliente
user_0118,Jacob Bonilla,edwardrandolph@hall.com,cliente
user_0119,April Sandoval,harristonya@yahoo.com,administrador
user_0120,Anthony Shea DDS,morsephyllis@gutierrez.com,cliente
user_0121,Kathy Walsh,vargasbryan@hotmail.com,staff
user_0122,Cynthia Green,vhaynes@yahoo.com,cliente
user_0123,Dillon Jones,kimberlyrichards@garcia.info,administrador
user_0124,Bryan Howard,qparker@davis.com,staff
user_0125,Melissa Williams,christopherwright@yahoo.com,administrador
user_0126,Anthony Evans,cranemelissa@adkins.com,cliente
user_0127,Antonio Norman,jamesmorales@mccoy.com,staff
user_0128,Angela Osborn,flamb@martinez-dunlap.com,cliente
user_0129,Kenneth Underwood,rjohnson@yahoo.com,staff
user_0130,Daniel Lopez,cstephenson@hotmail.com,staff
user_0131,Danielle Phillips,rbrown@yahoo.com,staff
user_0132,Curtis Wilkerson,mayokimberly@castillo-harrington.com,administrador
user_0133,Kathryn Price,floresjeffery@brown-frey.net,cliente
user_0134,Kevin Hall,wrightjohn@velasquez.com,administrador
user_0135,Vickie Price,joelstewart@wolfe.com,administrador
user_0136,Kristy Hart,lweaver@johnson-brown.org,cliente
user_0137,Joseph Smith,matthewthompson@brown-hernandez.com,cliente
user_0138,Sarah Valencia,janet69@rogers.com,cliente
user_0139,Morgan Kim,grant89@yahoo.com,staff
user_0140,Kevin Thompson,david09@yahoo.com,administrador
user_0141,Patricia Bradley,samantha93@cunningham.com,administrador
user_0142,William Jackson,sean43@steele.com,administrador
user_0143,Michelle Williams,acosta@yahoo.com,administrador
user_0144,Heather Bennett,franciscojones@gmail.com,administrador
user_0145,Fernando Lynn,george62@jones.com,staff
user_0146,Lisa Webb,kdunlap@preston.com,cliente
user_0147,Jennifer Spencer,kenneth10@yahoo.com,staff
user_0148,Sara Hernandez,pattersonkelly@hotmail.com,staff
user_0149,Karen Davis,daniellerowland@anthony-parker.biz,staff
user_0150,Steven Baker,nathanjames@gmail.com,cliente
user_0151,Dennis Marshall,anne21@barnett.biz,cliente
user_0152,Leah Spencer,rsheppard@yahoo.com,administrador
user_0153,Cynthia Evans,shawrachel@hotmail.com,staff
user_0154,Lisa Martinez,stacyjackson@gmail.com,administrador
user_0155,Beth Henderson,wendyburton@hotmail.com,cliente
user_0156,Thomas Sloan,hughesray@gates-stone.com,cliente
user_0157,Lisa Mills,perryeddie@hotmail.com,cliente
user_0158,Traci Garcia,floydmikayla@humphrey-baker.info,cliente
user_0159,Kara Jackson,christinebecker@yahoo.com,staff
user_0160,Steve Rivera,reesesamantha@smith-roth.com,administrador
user_0161,Ryan Garrison,dennismccann@schroeder-flores.biz,cliente
user_0162,Ann Alexander,xmalone@gmail.com,administrador
user_0163,Caitlin Collins,kimberlywarren@hotmail.com,cliente
user_0164,Corey Whitaker,antoniowilliams@bush-hill.info,administrador
user_0165,Madison Martinez,nathanwheeler@horne.org,administrador
user_0166,Hailey Monroe,mitchellpaul@gmail.com,cliente
user_0167,Penny Lewis,ericaadams@palmer-hancock.com,cliente
user_0168,Carlos Thompson,johnnytrujillo@marquez-fletcher.com,administrador
user_0169,James Bailey,stevenbyrd@hotmail.com,staff
user_0170,Brian Hunt,kenneth17@gmail.com,cliente
user_0171,Donald Nguyen,diana43@gmail.com,cliente
user_0172,Cynthia Brown,erin07@yahoo.com,staff
user_0173,Jason Price,matthewreeves@nichols.com,staff
user_0174,Sarah Pittman,connor24@stokes.com,cliente
user_0175,Courtney Walker,vfrench@yahoo.com,cliente
user_0176,Edward York,delacruzbrandy@hotmail.com,cliente
user_0177,Steve Mason,robert22@gmail.com,cliente
user_0178,William Orozco,lesliebaldwin@gmail.com,administrador
user_0179,Mr. Christopher Walters,whill@johnston.info,administrador
user_0180,Penny Anderson,epowell@yahoo.com,administrador
user_0181,Joseph Cross,katherine83@rhodes.com,cliente
user_0182,Shawn Collins,tgordon@brown.com,administrador
user_0183,Joy Meyer,ibarron@yahoo.com,cliente
user_0184,Katherine Christensen MD,perezjessica@gmail.com,cliente
user_0185,Alex Wagner,jennifer06@scott.com,administrador
user_0186,Martha Smith,hwallace@king.com,cliente
user_0187,Matthew Bates,robertroach@hotmail.com,administrador
user_0188,Autumn Wilson,mgonzalez@decker-dudley.com,administrador
user_0189,Elizabeth Williams,haleycastillo@gmail.com,administrador
user_0190,Michael Meadows,stacychan@gmail.com,administrador
user_0191,Ashley Scott,shinton@marshall-garcia.com,administrador
user_0192,Sarah Ward,grodgers@gmail.com,staff
user_0193,Charles Holland,patricia94@hotmail.com,staff
user_0194,Robert White,rrivers@yahoo.com,staff
user_0195,Karen Fisher,andersonjessica@garcia.info,staff
user_0196,Meghan White,cheryl27@yahoo.com,staff
user_0197,Jason Williams,alexander89@hotmail.com,administrador
user_0198,Vanessa Santiago,reynoldsjessica@yahoo.com,cliente
user_0199,Michael Cruz,schneidereric@christian-booth.com,cliente
user_0200,Erica Rivera,hunterandrea@yahoo.com,administrador
user_0201,David Stevens,gatessergio@gmail.com,cliente
user_0202,Dr. Alicia Powell,petersenlatoya@walsh.info,cliente
user_0203,Heidi Brown,xrivera@greene.info,staff
user_0204,Peter Walker,maria48@hotmail.com,staff
user_0205,Brian Prince,lydianewton@yahoo.com,staff
user_0206,Levi Lopez,stephenharrington@hotmail.com,cliente
user_0207,Peter Williams,lellis@taylor.com,staff
user_0208,Jessica Richards,jessicaanderson@sandoval-obrien.com,administrador
user_0209,Janice Petty,raymond54@ballard-taylor.org,cliente
user_0210,Nicole Evans,jamesweber@yahoo.com,cliente
user_0211,Tammy Anderson,jennifer58@aguilar-bender.biz,staff
user_0212,Stephanie Ferguson,millsanthony@gmail.com,administrador
user_0213,Anthony Adams,frances20@mueller.com,staff
user_0214,Ashley Parrish,yyoung@roberts.biz,staff
user_0215,Richard Jennings,manningjames@greer-pruitt.com,cliente
user_0216,Kimberly Morrison,shane12@moss.biz,cliente
user_0217,Douglas Baker,adam72@hernandez.org,staff
user_0218,Timothy Gilbert,jtyler@yahoo.com,cliente
user_0219,Michael Fox,hartmanerik@herrera.com,cliente
user_0220,Erin Carter,wilsonmichael@gmail.com,cliente
user_0221,Lisa Oliver,patrick16@fernandez-campbell.net,staff
user_0222,Jaime Lang,pwilliams@gmail.com,cliente
user_0223,Bradley Davis,clarkcrystal@hancock.com,staff
user_0224,Ronald Johns,burgesseric@yahoo.com,cliente
user_0225,Amanda Jones,angela93@russell-hayes.biz,administrador
user_0226,Alan Nunez,avilabrenda@charles.com,cliente
user_0227,Elizabeth Miller,qfoster@gmail.com,staff
user_0228,Joseph Taylor,susan24@hotmail.com,cliente
user_0229,Traci Camacho,spencerangela@gmail.com,staff
user_0230,Kenneth Long,jason53@whitehead-york.com,staff
user_0231,Daniel Davenport,whitelauren@york.info,cliente
user_0232,Angel Powers,gonzalezbeverly@yahoo.com,staff
user_0233,Michael Young,mcculloughlouis@yahoo.com,cliente
user_0234,Matthew Steele,lindsey62@edwards.biz,administrador
user_0235,Ian Frazier,wford@yahoo.com,staff
user_0236,Mr. Matthew Miller,patriciagonzalez@hotmail.com,staff
user_0237,Angela Jones,hessbeth@lewis.net,staff
user_0238,Reginald Diaz,dennis88@sanders.com,staff
user_0239,Sarah Drake,seanwhite@hopkins.info,administrador
user_0240,Amanda Juarez,bakerjim@clark.info,administrador
user_0241,Sierra Williams,padillaadrienne@yahoo.com,cliente
user_0242,Deborah Stephens,xvaldez@valdez.biz,staff
user_0243,Courtney Sullivan,msparks@gmail.com,staff
user_0244,Brenda Martin,jason22@guzman-montoya.com,administrador
user_0245,Gary Wilson,kclark@hotmail.com,cliente
user_0246,Alison Williams,crystalwilliams@thomas.net,administrador
user_0247,Linda Elliott,stacey37@haney.biz,administrador
user_0248,Rebecca Hoover,gary57@garza.com,cliente
user_0249,Joseph Blankenship,catherinethompson@hotmail.com,staff
user_0250,Sherry Schmidt,olsondavid@ryan.biz,staff
user_0251,Jacqueline Williams,shawnaolson@yahoo.com,administrador
user_0252,Robert Velez,eanderson@kent.com,administrador
user_0253,Kimberly Scott,lanedavid@brooks.com,administrador
user_0254,Brian Simmons,melissa69@yahoo.com,cliente
user_0255,Wendy Sanders,jarnold@white-hansen.info,cliente
user_0256,Eric Cooper,melissahopkins@hotmail.com,administrador
user_0257,Richard Avery,williamhartman@mendez.biz,staff
user_0258,Abigail Davis,bfrost@brown.com,staff
user_0259,Andrew Cruz,jennifer90@gmail.com,cliente
user_0260,Jessica Harris,arthurgreene@hotmail.com,cliente
user_0261,Lisa Craig,dianacantrell@gmail.com,staff
user_0262,Penny Gomez MD,mclaughlincasey@dunn.net,cliente
user_0263,Hannah Richmond,catherinelee@yahoo.com,staff
user_0264,Debbie Russell,gordonmatthew@pratt.net,administrador
user_0265,Laura Benson,wcarrillo@yahoo.com,cliente
user_0266,Judy Murray,ewilson@schultz-gamble.com,administrador
user_0267,Jennifer Gomez,john16@goodman.com,cliente
user_0268,Hayden Shannon,staceyvega@gmail.com,cliente
user_0269,Mr. Nicolas Salas II,marykelly@wilson.info,administrador
user_0270,Pamela Weaver,uwatson@villanueva-ibarra.org,administrador
user_0271,Katherine Joyce,kwalker@gmail.com,cliente
user_0272,Robert Mendoza,phillip27@wolfe.com,administrador
user_0273,Alexandra Clark,michael42@baker.com,staff
user_0274,Jonathan Clark,melissa47@gmail.com,staff
user_0275,Veronica Parks,linda86@gonzalez-marsh.com,administrador
user_0276,Adam Fisher,kristen44@garrison.com,staff
user_0277,Robert Woods,qgarner@ward-grant.com,staff
user_0278,Jason Bell,tiffanymitchell@nunez-freeman.info,staff
user_0279,Jane Mitchell,daniellemcfarland@welch-duncan.com,cliente
user_0280,Greg Edwards,catherine64@yahoo.com,staff
user_0281,Teresa Adkins,bjackson@gmail.com,staff
user_0282,Mary Shepard,garrettgarcia@zuniga.net,administrador
user_0283,Randy Warren,bakereric@huynh.com,staff
user_0284,Cameron Rose,johnsonmichael@lin-mcdonald.net,cliente
user_0285,Kimberly Taylor,owelch@graham.com,cliente
user_0286,Mr. Brandon Parker,eric00@hotmail.com,administrador
user_0287,Sarah Cooper,wattstravis@yahoo.com,cliente
user_0288,Ralph Yates,kelleyjacob@kim.biz,cliente
user_0289,Connie Miller,justin84@lopez-jones.com,staff
user_0290,Mark Williamson,blopez@gmail.com,staff
user_0291,Joseph Lopez,joseph70@davis.info,cliente
user_0292,Jason Floyd,steven05@gmail.com,administrador
user_0293,Tiffany Brown,danielshunter@yahoo.com,administrador
user_0294,Sandra Martinez,cwise@rojas.com,staff
user_0295,Ray Boyd,tprice@moore-chandler.net,cliente
user_0296,Dawn Little,paige31@chen.com,staff
user_0297,Donald Wilson,novakbianca@alvarez.com,administrador
user_0298,Jonathan Parks,browndeanna@hotmail.com,cliente
user_0299,Ashley Freeman,linda73@gmail.com,staff
user_0300,Heather Taylor,jmann@daniels-henry.org,staff
user_0301,Gregory Oconnor,caseymoore@yahoo.com,administrador
user_0302,Kimberly Gibson,nicoleharvey@yahoo.com,staff
user_0303,Cynthia Le,alexandriajimenez@hotmail.com,administrador
user_0304,Douglas Ortiz,davisdonna@gmail.com,administrador
user_0305,Beverly Russo,washingtoncorey@may.org,cliente
user_0306,Dawn Diaz,conradjason@hebert-collier.info,cliente
user_0307,Amy Grant,laura09@yahoo.com,staff
user_0308,Morgan Davenport,susandavis@hall.com,administrador
user_0309,Theresa Hansen,mirandabarbara@hotmail.com,administrador
user_0310,Maurice Andrade,andreawagner@moore.com,cliente
user_0311,Krista Shea,bduran@hotmail.com,cliente
user_0312,David Gardner,michael77@yahoo.com,administrador
user_0313,Andrew Mitchell,victoriaturner@joyce-lewis.com,cliente
user_0314,Rodney Norris,clintonstevens@gmail.com,staff
user_0315,Jacob Perkins,lisa19@carroll-robinson.com,administrador
user_0316,Rebecca Thompson,benjamin96@deleon.com,cliente
user_0317,Jessica Conrad,julieatkinson@walters.biz,staff
user_0318,Joseph Flores,wayne32@nunez.info,administrador
user_0319,Laura Davis,kristie22@yahoo.com,staff
user_0320,Kenneth Williams,christopher86@hotmail.com,staff
user_0321,Chad Hansen,mpearson@hotmail.com,administrador
user_0322,Nancy Sanchez,kimberly59@rodriguez.biz,staff
user_0323,Connor Cooper,gary59@hanson-alexander.com,cliente
user_0324,James Todd,singhjohn@mcintosh.com,cliente
user_0325,Robert Torres,riverajody@gmail.com,cliente
user_0326,Joseph Green,heatherbarnett@yahoo.com,staff
user_0327,Mary Williams,campbellkristina@nelson.com,cliente
user_0328,Devon Christian,smithmichelle@hotmail.com,staff
user_0329,William Romero,todd98@lopez.info,cliente
user_0330,Michelle Williams,tracy20@yahoo.com,administrador
user_0331,Heather Turner,garrettnatasha@gmail.com,staff
user_0332,Tiffany Perez,fsandoval@hotmail.com,staff
user_0333,Tyler Salazar,jallen@waller-browning.com,cliente
user_0334,Carlos Delgado,kylethornton@browning.com,administrador
user_0335,Krystal Moore,whitemary@acosta.biz,cliente
user_0336,Elizabeth Reese,kimberlyrodriguez@gmail.com,cliente
user_0337,William Jensen,jerryjohnson@watts.com,administrador
user_0338,Lisa Joseph,melissahenry@gmail.com,administrador
user_0339,Darrell Ortiz,stephanie33@jones.org,cliente
user_0340,Frederick Ellis II,franklinmadison@hotmail.com,administrador
user_0341,Logan Newton,hayesmargaret@rich.net,cliente
user_0342,Victoria Williams,leescott@yahoo.com,staff
user_0343,Donna Jackson,vaughnrebecca@yahoo.com,cliente
user_0344,Jocelyn Sharp,kimberlypace@payne.com,staff
user_0345,Kevin Marquez,udavis@wong.com,cliente
user_0346,Michael Walters,gacosta@herring.com,administrador
user_0347,Krystal Keller,mistywhite@williams.info,staff
user_0348,Christopher Roach,deanjohnny@jimenez-jimenez.com,administrador
user_0349,Katherine Robinson,fortiz@hotmail.com,staff
user_0350,Dana Kelley,lopezbrian@johnson-nash.org,staff
user_0351,Elizabeth Knapp,butlergregory@mitchell.org,cliente
user_0352,Cassandra Gibson,daviskevin@yahoo.com,cliente
user_0353,Samantha Chang,thomas14@rose-warren.com,cliente
user_0354,Ashley Blair,mramsey@mitchell.net,cliente
user_0355,Lisa Ho,lvasquez@hotmail.com,administrador
user_0356,Dylan Lee,marshalllaura@charles.biz,cliente
user_0357,Gregory Shaffer,davidsonhannah@tyler-parker.net,cliente
user_0358,Pamela Wilson,randy99@gmail.com,staff
user_0359,Cheyenne Bass,probles@gmail.com,administrador
user_0360,Mr. Steven Herrera,abowers@hotmail.com,administrador
user_0361,Joseph Cunningham,clarkgina@yahoo.com,staff
user_0362,Chase Pittman,ksims@hotmail.com,staff
user_0363,Chelsea Wilson,jennifer46@gmail.com,cliente
user_0364,David Hayes DVM,gregory50@gentry.net,administrador
user_0365,John Porter,sandra84@thomas-wiggins.net,cliente
user_0366,Brandi Hardy,hreeves@gmail.com,staff
user_0367,Timothy Mcdaniel,steven01@miranda.com,cliente
user_0368,Christine Gonzalez,amanda71@yahoo.com,administrador
user_0369,Donald Smith,amydunn@thomas-bush.com,cliente
user_0370,Carolyn Collins,bwilliams@yahoo.com,administrador
user_0371,Amber Reyes,tmyers@vance.info,cliente
user_0372,Emily Roth,fbradley@mcdonald.info,cliente
user_0373,Travis Thomas,philip55@yahoo.com,administrador
user_0374,Mr. Brian Mendoza,katrina99@romero.com,administrador
user_0375,Matthew Sparks,pgarza@hotmail.com,administrador
user_0376,Christopher Olson,jared96@bradley-peterson.com,cliente
user_0377,Michael Stevenson,vargassteven@hotmail.com,cliente
user_0378,Jeremy Parker,georgegina@hotmail.com,cliente
user_0379,Jamie Snyder,robinsondominic@berger.com,staff
user_0380,Jodi Carter,jamierich@yahoo.com,cliente
user_0381,Susan Torres,veronica90@hotmail.com,administrador
user_0382,Mrs. Bethany Phillips,smithann@yahoo.com,administrador
user_0383,Douglas Johnson,tgarrett@yahoo.com,administrador
user_0384,Jeffrey Clark,jtaylor@bridges-ward.biz,cliente
user_0385,Zachary Santiago,jonesalfred@dyer.com,administrador
user_0386,Martin Perry,dhanson@hotmail.com,administrador
user_0387,Robert Cruz,rogersmith@bradford-young.net,staff
user_0388,Timothy Johnston,carrolljanet@carpenter.com,staff
user_0389,Nicholas Terrell,hblack@hotmail.com,administrador
user_0390,John Harmon,chloe58@harrison.info,staff
user_0391,Erin Gomez,gary94@hotmail.com,staff
user_0392,Debbie Soto,douglaskelly@weber.net,administrador
user_0393,Richard King,michaela01@hotmail.com,cliente
user_0394,Kevin Hernandez,lindsey43@yahoo.com,cliente
user_0395,Joseph Johnson,caitlinunderwood@mullins-gutierrez.biz,administrador
user_0396,Jeremiah Walsh,brian41@jackson.info,cliente
user_0397,Paul Goodwin,yvega@baker-moreno.biz,staff
user_0398,Timothy Cole,davisamanda@yahoo.com,administrador
user_0399,Jessica Hull,joseph14@hotmail.com,cliente
user_0400,Julia Leonard,aprilbyrd@edwards.com,cliente
user_0401,Alexandra Davis,ubell@king-johnson.org,staff
user_0402,Todd Douglas,ericksondavid@anderson.org,administrador
user_0403,Cathy Rodriguez,kenneth17@hammond-schwartz.com,administrador
user_0404,Richard Ramirez,dprice@sosa-baker.info,staff
user_0405,William Gonzalez,debbierodriguez@hotmail.com,administrador
user_0406,Colleen Schneider,dakota11@hotmail.com,administrador
user_0407,Paula Smith,denisesmith@gmail.com,staff
user_0408,Deborah Graves,robertsonshelby@yahoo.com,staff
user_0409,Jared Luna,aaronfinley@martinez-nichols.com,cliente
user_0410,Eric Brown,amanda51@hodges-roberts.com,administrador
user_0411,Andrew Cruz,heather15@miller-chen.com,staff
user_0412,Corey Cortez,yprice@schneider.info,cliente
user_0413,Alexis Morgan,sullivanjason@hotmail.com,administrador
user_0414,Judy Gregory,sandyjohnson@burns.info,cliente
user_0415,Lisa Sanchez,jacksonbrendan@hoover-davis.org,staff
user_0416,Kevin Meyers,crawfordlauren@brown.biz,administrador
user_0417,Russell Rojas,david98@gmail.com,cliente
user_0418,Vincent Lewis,matthewmartinez@todd.com,staff
user_0419,Jessica Frost,craigboone@bennett.com,staff
user_0420,Christopher Davis,ysteele@yahoo.com,staff
user_0421,Christine Bowman,lallen@hotmail.com,staff
user_0422,Linda Love,michael08@lee.com,staff
user_0423,Shari Hatfield,qtownsend@hill.com,staff
user_0424,Melinda Schmitt,qthompson@gmail.com,staff
user_0425,Jackson Clark,christina70@gmail.com,cliente
user_0426,Tammy Thompson,erobertson@griffith.org,administrador
user_0427,Cristian Rhodes,kimberlynguyen@gmail.com,administrador
user_0428,Jason Gonzalez,ruiztodd@thomas-reilly.info,cliente
user_0429,James Ellis,theresa35@johnson.com,staff
user_0430,Brian Owens,kathleenrobinson@yahoo.com,administrador
user_0431,Rachel Little,christophervincent@atkins-robinson.info,staff
user_0432,Diana Blair,markriley@shah.biz,administrador
user_0433,Amanda Ruiz,eschmidt@nicholson.net,staff
user_0434,Melissa Russell,michaelallen@smith.com,cliente
user_0435,Joe Hudson,iford@sullivan.info,staff
user_0436,April Burton,alyssa46@yahoo.com,administrador
user_0437,Lisa Johnston,olivermatthew@robertson.com,staff
user_0438,Ashley Diaz,michael81@fletcher.com,administrador
user_0439,Mariah Mclaughlin,lukehurst@frazier.com,staff
user_0440,Jonathan Gallegos,shannon51@gmail.com,administrador
user_0441,Judith Miller,susan11@hill.com,administrador
user_0442,Shaun Meyer DDS,imontes@gmail.com,administrador
user_0443,Jason Rojas,jaime03@newman.com,staff
user_0444,Mr. Joseph Kelley,ashley42@yahoo.com,administrador
user_0445,Jacob Roberts,michaelbryant@montgomery.net,staff
user_0446,William Franco,johnwilliams@andrews-alexander.com,cliente
user_0447,Justin Johnson,earl78@gmail.com,cliente
user_0448,Barbara Johnson,staciereilly@gmail.com,administrador
user_0449,Oscar Cantrell,thomas49@hotmail.com,staff
user_0450,Keith Meadows,hannah70@gmail.com,administrador
user_0451,Audrey Johnson,uhoward@franklin.org,staff
user_0452,Rachael Wang,millermelissa@powers.com,staff
user_0453,Larry Hunt Jr.,bhernandez@yahoo.com,cliente
user_0454,Adam Cooper,fsawyer@gmail.com,staff
user_0455,Jill Riddle,frank66@gmail.com,staff
user_0456,Linda Thomas,hmcneil@yahoo.com,administrador
user_0457,Tyler Avila,ortizrobin@thompson-murray.org,administrador
user_0458,Breanna Lopez,angela04@hotmail.com,staff
user_0459,Justin Ford,moorekevin@flowers.com,cliente
user_0460,John Watts,wilsonjoshua@george.org,administrador
user_0461,Mr. David Jennings,william90@martin-brown.com,administrador
user_0462,Michael Howard,michael50@carter-fowler.com,cliente
user_0463,Pamela White,amybrennan@marsh.com,administrador
user_0464,Kevin Morrow,aprilwatson@jenkins-mccall.com,staff
user_0465,Christopher Walker,butlersabrina@fuentes.info,staff
user_0466,Michael Taylor,gerald40@hotmail.com,staff
user_0467,Courtney Vincent,kyleclark@coleman.com,administrador
user_0468,John Reynolds,johnsondonna@brown.com,administrador
user_0469,Adam Davis,brianagonzalez@bell.com,administrador
user_0470,Hannah Martin,garciabelinda@rice.com,administrador
user_0471,Carolyn Webster,glasssamantha@wells.com,staff
user_0472,Henry Gray,rickjuarez@martinez-rodriguez.com,cliente
user_0473,Isaiah Roberts DDS,tristan64@burke-collins.info,staff
user_0474,Jason Mercer,melissajacobson@yahoo.com,administrador
user_0475,Holly Smith,sandersalexandra@hotmail.com,staff
user_0476,Charles Morales,calvinhester@gonzalez-anthony.biz,cliente
user_0477,Ryan Hardy,katelyn65@yahoo.com,staff
user_0478,Tiffany Archer,katrinarodriguez@yahoo.com,cliente
user_0479,David Dunlap Jr.,jimenezanthony@reyes.com,administrador
user_0480,Marco Davis,msparks@bates-henry.com,staff
user_0481,Rhonda Fernandez,ewingnicole@reyes.biz,staff
user_0482,Andrew Thompson,travistaylor@hotmail.com,staff
user_0483,Phillip Carroll,kalvarez@hotmail.com,staff
user_0484,Dennis Garza,katie45@gmail.com,administrador
user_0485,Andrew Hood,hubbardcolleen@yahoo.com,cliente
user_0486,Gregory Howard,stanleyjohn@hotmail.com,cliente
user_0487,Bradley Watts,morganandrew@yahoo.com,staff
user_0488,Matthew Henderson,andrew79@gmail.com,administrador
user_0489,Mrs. Jeanette Armstrong,vazquezjamie@yahoo.com,cliente
user_0490,Pamela Morgan,tara37@hotmail.com,cliente
user_0491,Rachel Pittman,joseph49@ballard-weber.com,cliente
user_0492,Laura Vargas,knightamanda@yahoo.com,cliente
user_0493,Robert Pearson,ryan85@gmail.com,cliente
user_0494,David Robertson,burtonzachary@ray.info,cliente
user_0495,Mark Lamb,boydmichael@gmail.com,administrador
user_0496,Paul Cannon,eflores@hotmail.com,staff
user_0497,Jason Colon,gloria36@wilson.com,cliente
user_0498,Ronald Marshall,clucas@gmail.com,administrador
user_0499,Chad Green,dawnwilliams@hotmail.com,administrador
user_0500,Mr. Scott Miller,lesterrichard@yahoo.com,staff
