id,nombre,direccion,owner_id
res_0001,"Rodriguez, Figueroa and Sanchez","819 Johnson Course, East William, OH 26563",own_0058
res_0002,"Santos, Gardner and Robinson","65423 Garcia Light, West Melanieview, AZ 96148",own_0013
res_0003,Herrera-Dudley,"959 Janet Cape Apt. 413, South Joshuastad, MN 47067",own_0141
res_0004,Santiago Ltd,"USS Lynch, FPO AE 70511",own_0126
res_0005,"Sanchez, Ford and Nelson","PSC 8350, Box 3056, APO AA 09176",own_0115
res_0006,Gentry PLC,"76724 John Points Suite 969, Coxberg, NM 12416",own_0072
res_0007,Callahan and Sons,"166 Rice Plaza Apt. 184, Danielchester, NH 00926",own_0053
res_0008,"Liu, Baker and Mason","489 Eric Track, New Stephanie, AL 79005",own_0280
res_0009,Burns-Rodriguez,"03911 Cabrera Trace Apt. 278, West Allison, NE 28261",own_0045
res_0010,"Campos, Vaughn and Marquez","8713 Caleb Brooks Apt. 930, Lake Crystalbury, AZ 43810",own_0217
res_0011,Palmer LLC,"299 Sanchez Mountains, Leeville, NE 46939",own_0017
res_0012,Jenkins-Shields,"65133 Amanda Dam, Whitemouth, CA 58583",own_0016
res_0013,"Garcia, Pearson and Fernandez","26773 Barrera Expressway, Smithfurt, WY 60139",own_0048
res_0014,Henderson-Bernard,"Unit 8723 Box 4309, DPO AP 71567",own_0112
res_0015,Adkins Inc,"820 Melissa Cliff Apt. 361, New Brooke, CO 55449",own_0120
res_0016,"Silva, Mills and Donovan","46247 Hickman Cliffs Apt. 799, North Amandahaven, DC 46246",own_0259
res_0017,Suarez LLC,"498 Elizabeth Plaza Suite 124, North Juliaberg, LA 79777",own_0014
res_0018,Robbins and Sons,"740 Cynthia Village Suite 005, Lake Tina, WA 58413",own_0288
res_0019,"Thornton, Hoffman and Rodriguez","USNS Gardner, FPO AA 76851",own_0102
res_0020,"Hernandez, Anderson and Parker","PSC 0533, Box 1586, APO AP 98736",own_0280
res_0021,Frost and Sons,"0256 Joseph Turnpike, South Monicafort, ID 60833",own_0215
res_0022,Torres-Pope,"365 Lin Trail, Michaelhaven, TX 70783",own_0113
res_0023,Crosby-Wilson,"Unit 2940 Box 1965, DPO AP 41615",own_0230
res_0024,Obrien-Dixon,"0608 Michael Cliff, Cindyville, ME 66970",own_0143
res_0025,Estrada-Nguyen,"66299 Sullivan Village, West Justinchester, OR 80017",own_0004
res_0026,"Morris, Ramos and Lowe","148 Davis Terrace, Lake Lance, ID 19814",own_0082
res_0027,Williams Group,"6936 Ross Drive, Port Michelleville, NE 29184",own_0217
res_0028,Brock Ltd,"317 Laurie Shores, Stephaniemouth, VA 66663",own_0175
res_0029,Rivas-Kelley,"PSC 7743, Box 4873, APO AA 58155",own_0143
res_0030,Reeves and Sons,"122 Patrick Drives Apt. 166, Amychester, IL 55570",own_0080
res_0031,Stein-Silva,"0546 Medina Street Apt. 734, Tuckerfurt, TN 89517",own_0111
res_0032,Ramsey-Pittman,"PSC 9806, Box 9901, APO AP 56680",own_0173
res_0033,Camacho and Sons,"3755 Ramirez Village Suite 417, Lake Amberstad, SD 09494",own_0053
res_0034,"Williams, Johnson and Wright","27193 Lyons Trafficway, Garyville, GA 41269",own_0048
res_0035,Lane LLC,"3193 Heidi Hollow Apt. 905, Stanleyland, SD 45226",own_0195
res_0036,Atkinson Group,"726 Jessica Run Suite 987, Grahamshire, MD 32678",own_0050
res_0037,Ramirez Group,"965 Troy Islands Apt. 735, Matthewview, AL 68216",own_0184
res_0038,Miller Ltd,"777 Christopher Forges, Holtport, OR 48869",own_0177
res_0039,Tran-Cooper,"Unit 8557 Box 4443, DPO AE 95041",own_0136
res_0040,Stewart Ltd,"37498 Hooper Village, West Jeremy, ME 02355",own_0023
res_0041,"Ferguson, Hill and Mccann","710 Harrison Mill, Jackton, NJ 15454",own_0236
res_0042,Morales Inc,"29413 Angela Mall, Port Alexandra, NV 39475",own_0275
res_0043,"Branch, Torres and Oliver","34123 Andrea Estate, South Shannonfort, AZ 30841",own_0064
res_0044,Mann-Warner,"9361 Deborah Grove, North Brian, ME 78494",own_0194
res_0045,"Holloway, Morse and Gonzales","648 Kim Rapid Apt. 659, Anthonybury, OK 77456",own_0041
res_0046,Key Ltd,"78742 Walters Overpass, South Michaelmouth, TN 14211",own_0283
res_0047,Rivera Ltd,"071 King Crescent Suite 808, Gutierrezborough, MN 82110",own_0151
res_0048,Garrett-Wolf,"7710 Jennifer Inlet, New Rickybury, DE 60983",own_0186
res_0049,Holland and Sons,"467 Sanchez Plaza Apt. 639, Port Chad, WY 54888",own_0296
res_0050,Villa-Romero,"499 Grimes Mission Suite 558, Gibsonmouth, ID 91923",own_0099
res_0051,Armstrong and Sons,"57662 Hanna Crossroad Suite 171, Smithberg, SD 20733",own_0036
res_0052,Harrison LLC,"158 Finley Road Suite 809, East Crystalport, WA 12347",own_0024
res_0053,Good-Hodges,"2400 Flynn Hill, Nicholasberg, NC 54509",own_0117
res_0054,"Maldonado, White and Thompson","379 Jesse Route Suite 740, Santanaside, CA 58399",own_0149
res_0055,Huerta-Evans,"USNV Bryant, FPO AA 26612",own_0041
res_0056,Castaneda-Rodriguez,"440 Hill Port Apt. 974, New Laurie, SC 25421",own_0120
res_0057,"King, Campos and Saunders","104 Johnson Lakes, North Renee, WA 54961",own_0052
res_0058,Gonzalez PLC,"842 Sloan Orchard Suite 517, East Karenbury, TX 95425",own_0195
res_0059,"Whitney, Coffey and Ballard","48175 Richards View Suite 137, New Nicoleside, RI 29516",own_0143
res_0060,"Brown, Colon and Blankenship","20047 Colton Plain Apt. 675, Matthewsberg, MT 86342",own_0233
res_0061,Bass PLC,"53773 Garcia Spur Suite 850, Hillville, NH 12516",own_0187
res_0062,"Lewis, Fowler and Maddox","29318 Brenda Via Apt. 529, West Micheleberg, ND 33354",own_0084
res_0063,Rodriguez Inc,"95024 David Manor Apt. 177, Williamville, NY 29539",own_0190
res_0064,"Williams, Logan and Camacho","007 Simmons Coves Suite 711, Charleneland, KY 82331",own_0182
res_0065,"Richards, Joseph and James","8961 Melissa Run Apt. 673, Morganmouth, MT 96132",own_0108
res_0066,Edwards LLC,"71111 Davis Streets Suite 280, Elizabethchester, TN 98842",own_0137
res_0067,Parrish-Griffith,"Unit 9451 Box 9832, DPO AP 63702",own_0037
res_0068,Boone LLC,"49368 Chelsea Shoals Suite 024, Sandrastad, HI 19277",own_0088
res_0069,"Sandoval, Jones and Figueroa","Unit 1836 Box 6752, DPO AA 41347",own_0274
res_0070,"Nguyen, Pugh and Carlson","90147 Tucker Mills, Nelsonhaven, MI 56850",own_0126
res_0071,Campbell Ltd,"36900 Kevin Forest Apt. 445, North Tylerchester, DC 50335",own_0084
res_0072,"Padilla, Mason and Whitaker","0607 Michelle Ports, Berrychester, DE 53589",own_0237
res_0073,Burch and Sons,"516 John Radial Suite 816, Juliebury, WI 22538",own_0195
res_0074,Dixon Inc,"5231 Jonathan Extensions, Port Katherine, HI 82807",own_0139
res_0075,Marshall-Elliott,"527 Taylor Roads Suite 490, Williamport, NV 05430",own_0286
res_0076,Wood LLC,"986 Carpenter Turnpike, South Reginashire, ID 42644",own_0113
res_0077,"Alvarez, Hernandez and Brown","182 John Mill Suite 889, West Nathan, MS 54079",own_0167
res_0078,Shelton-Williams,"51864 Cummings Shoals Apt. 519, West Kyle, UT 87288",own_0029
res_0079,Anderson-Fletcher,"528 Debbie Manors Suite 054, East Matthew, NM 25667",own_0118
res_0080,Cooke and Sons,"880 Walter River, New Nicholas, HI 91313",own_0017
res_0081,"Lamb, Martin and Kim","9473 Kyle Valleys, Mckeeborough, TX 75267",own_0162
res_0082,Murray-Campbell,"39240 Sawyer Plaza Apt. 814, Port Ethanmouth, NY 19814",own_0206
res_0083,Davis-Lozano,"60685 Paul Common Suite 305, Port Jennifermouth, FL 18536",own_0138
res_0084,Mitchell Group,"779 Rebecca Brook, Jasonberg, VA 80308",own_0034
res_0085,"Henderson, Parsons and Young","9711 Carlson Brook, Lake Douglas, AL 81085",own_0109
res_0086,Allen-Butler,"518 Peter Mountains, Lake Paulstad, WA 02629",own_0291
res_0087,Kramer-Cooper,"520 Payne Via, Port Kimberly, UT 63223",own_0162
res_0088,"White, Taylor and Baldwin","USS Carter, FPO AE 26645",own_0109
res_0089,Stewart LLC,"0345 Michelle Isle Suite 156, Paulfurt, HI 65539",own_0256
res_0090,"Jimenez, Glass and Stone","69284 Garcia Islands Suite 479, Jacksonmouth, NV 06052",own_0203
res_0091,"Berg, Gomez and Bolton","65820 Melinda Springs, Johnsonland, WI 85063",own_0235
res_0092,Cox-Herring,"755 Hines Ports, New Michael, SD 37029",own_0074
res_0093,Horne Inc,"681 Hampton Squares Suite 394, Gonzalezberg, CA 59751",own_0136
res_0094,Roach Group,"Unit 5518 Box 8442, DPO AP 93504",own_0072
res_0095,"Little, Leon and Hicks","37058 Mcdonald Plaza, New Nicole, ME 52688",own_0127
res_0096,"Higgins, Fox and Hammond","51778 Anderson Village, Port Tammy, NY 07764",own_0288
res_0097,Holmes LLC,"358 Singleton Glen Apt. 842, Christinaland, SD 22604",own_0276
res_0098,"David, Moore and Hopkins","001 Stacy Trail Suite 396, South Pamelaside, SD 40097",own_0135
res_0099,Sanchez-Aguirre,"02767 Harris Rest Apt. 555, Andersonstad, OH 14418",own_0300
res_0100,Allen-Martinez,"04696 Sydney Estate, Sarahmouth, WV 21386",own_0220
