id,id_usuario,id_restaurante,fecha,invitados
resv_00001,user_0154,res_0073,2026-01-24,6
resv_00002,user_0285,res_0069,2022-02-08,4
resv_00003,user_0296,res_0088,2023-11-11,6
resv_00004,user_0034,res_0020,2023-07-29,1
resv_00005,user_0174,res_0049,2025-07-07,9
resv_00006,user_0432,res_0022,2025-03-15,10
resv_00007,user_0200,res_0024,2025-05-03,2
resv_00008,user_0443,res_0097,2023-09-24,6
resv_00009,user_0364,res_0005,2023-07-11,7
resv_00010,user_0045,res_0064,2026-12-02,4
resv_00011,user_0191,res_0058,2026-08-26,5
resv_00012,user_0111,res_0068,2023-09-12,3
resv_00013,user_0058,res_0048,2026-05-27,1
resv_00014,user_0399,res_0026,2027-02-14,2
resv_00015,user_0228,res_0065,2022-02-21,8
resv_00016,user_0464,res_0065,2022-11-12,4
resv_00017,user_0175,res_0062,2026-02-09,9
resv_00018,user_0159,res_0100,2023-11-02,3
resv_00019,user_0394,res_0013,2026-08-11,9
resv_00020,user_0347,res_0017,2023-02-25,1
resv_00021,user_0236,res_0050,2026-01-01,9
resv_00022,user_0060,res_0001,2023-09-29,1
resv_00023,user_0352,res_0077,2026-11-21,2
resv_00024,user_0171,res_0060,2026-12-27,1
resv_00025,user_0053,res_0067,2026-04-19,5
resv_00026,user_0012,res_0074,2026-04-03,5
resv_00027,user_0328,res_0027,2023-10-20,4
resv_00028,user_0099,res_0037,2023-07-21,9
resv_00029,user_0164,res_0099,2024-06-22,2
resv_00030,user_0140,res_0020,2022-11-19,5
resv_00031,user_0059,res_0002,2027-05-17,10
resv_00032,user_0287,res_0066,2022-07-29,4
resv_00033,user_0278,res_0045,2025-01-30,6
resv_00034,user_0139,res_0019,2027-04-16,5
resv_00035,user_0294,res_0032,2022-12-17,2
resv_00036,user_0160,res_0079,2027-01-02,6
resv_00037,user_0277,res_0057,2022-04-14,3
resv_00038,user_0015,res_0061,2027-01-24,1
resv_00039,user_0055,res_0050,2022-04-21,2
resv_00040,user_0219,res_0051,2023-01-02,10
resv_00041,user_0457,res_0076,2025-07-13,8
resv_00042,user_0316,res_0046,2023-10-02,6
resv_00043,user_0419,res_0026,2025-12-31,9
resv_00044,user_0041,res_0097,2026-04-15,8
resv_00045,user_0291,res_0017,2022-07-10,8
resv_00046,user_0050,res_0059,2023-09-28,8
resv_00047,user_0241,res_0030,2027-04-25,4
resv_00048,user_0074,res_0079,2023-06-13,6
resv_00049,user_0201,res_0024,2025-12-03,6
resv_00050,user_0404,res_0042,2024-07-17,8
resv_00051,user_0016,res_0009,2024-08-31,2
resv_00052,user_0180,res_0062,2024-08-02,3
resv_00053,user_0145,res_0099,2023-12-15,10
resv_00054,user_0295,res_0017,2024-11-06,2
resv_00055,user_0208,res_0092,2026-06-20,2
resv_00056,user_0167,res_0072,2025-08-23,2
resv_00057,user_0406,res_0039,2024-12-27,8
resv_00058,user_0206,res_0076,2024-04-26,4
resv_00059,user_0318,res_0032,2025-01-27,3
resv_00060,user_0499,res_0062,2024-02-26,2
resv_00061,user_0175,res_0027,2026-07-25,10
resv_00062,user_0221,res_0056,2025-03-07,6
resv_00063,user_0279,res_0089,2023-04-29,3
resv_00064,user_0340,res_0086,2022-06-09,10
resv_00065,user_0429,res_0063,2022-08-23,10
resv_00066,user_0306,res_0060,2023-10-29,9
resv_00067,user_0050,res_0057,2022-12-27,5
resv_00068,user_0490,res_0052,2022-05-23,10
resv_00069,user_0056,res_0088,2026-07-26,10
resv_00070,user_0395,res_0049,2023-11-02,8
resv_00071,user_0331,res_0085,2022-05-06,2
resv_00072,user_0112,res_0018,2026-12-23,10
resv_00073,user_0463,res_0097,2025-07-26,1
resv_00074,user_0388,res_0019,2025-09-15,3
resv_00075,user_0232,res_0069,2023-08-20,7
resv_00076,user_0316,res_0074,2024-07-04,4
resv_00077,user_0106,res_0088,2026-12-02,6
resv_00078,user_0154,res_0073,2026-06-15,5
resv_00079,user_0471,res_0056,2026-01-10,6
resv_00080,user_0046,res_0075,2022-01-17,10
resv_00081,user_0262,res_0052,2026-10-02,3
resv_00082,user_0437,res_0038,2022-05-08,6
resv_00083,user_0462,res_0071,2027-06-06,1
resv_00084,user_0001,res_0091,2025-02-20,6
resv_00085,user_0057,res_0037,2026-11-08,1
resv_00086,user_0121,res_0056,2025-12-09,10
resv_00087,user_0202,res_0081,2023-10-14,7
resv_00088,user_0208,res_0049,2024-06-10,9
resv_00089,user_0109,res_0085,2022-12-22,8
resv_00090,user_0072,res_0025,2025-02-11,7
resv_00091,user_0432,res_0047,2026-09-17,7
resv_00092,user_0079,res_0037,2026-11-23,3
resv_00093,user_0069,res_0002,2022-05-27,1
resv_00094,user_0074,res_0093,2026-12-18,8
resv_00095,user_0337,res_0056,2027-06-20,3
resv_00096,user_0044,res_0018,2025-08-08,7
resv_00097,user_0441,res_0059,2027-01-05,10
resv_00098,user_0477,res_0055,2025-06-30,3
resv_00099,user_0233,res_0066,2024-05-18,9
resv_00100,user_0420,res_0058,2024-02-27,6
resv_00101,user_0116,res_0024,2024-05-19,10
resv_00102,user_0004,res_0074,2024-10-17,4
resv_00103,user_0365,res_0065,2023-07-06,7
resv_00104,user_0475,res_0070,2025-03-26,6
resv_00105,user_0018,res_0005,2025-03-09,8
resv_00106,user_0361,res_0048,2022-08-20,10
resv_00107,user_0247,res_0089,2022-06-13,3
resv_00108,user_0374,res_0094,2024-12-14,5
resv_00109,user_0239,res_0067,2022-06-10,9
resv_00110,user_0456,res_0079,2022-07-01,4
resv_00111,user_0242,res_0081,2026-02-27,2
resv_00112,user_0351,res_0082,2025-01-09,10
resv_00113,user_0160,res_0079,2022-04-19,6
resv_00114,user_0274,res_0100,2022-01-23,8
resv_00115,user_0233,res_0066,2027-01-30,8
resv_00116,user_0294,res_0094,2023-11-10,7
resv_00117,user_0181,res_0038,2023-08-16,3
resv_00118,user_0019,res_0089,2027-03-06,10
resv_00119,user_0384,res_0039,2026-01-28,10
resv_00120,user_0134,res_0008,2025-07-12,8
resv_00121,user_0297,res_0022,2025-03-19,1
resv_00122,user_0337,res_0038,2026-07-15,10
resv_00123,user_0014,res_0037,2024-09-19,2
resv_00124,user_0065,res_0065,2022-06-07,5
resv_00125,user_0130,res_0017,2025-06-15,5
resv_00126,user_0141,res_0033,2022-01-30,2
resv_00127,user_0310,res_0023,2027-02-07,10
resv_00128,user_0379,res_0020,2025-09-11,8
resv_00129,user_0190,res_0023,2023-06-20,4
resv_00130,user_0249,res_0024,2026-06-26,9
resv_00131,user_0442,res_0005,2023-12-04,2
resv_00132,user_0496,res_0019,2025-05-04,3
resv_00133,user_0429,res_0064,2026-03-22,7
resv_00134,user_0395,res_0050,2023-05-03,8
resv_00135,user_0372,res_0082,2022-12-09,4
resv_00136,user_0296,res_0094,2026-09-21,6
resv_00137,user_0028,res_0083,2023-06-26,2
resv_00138,user_0027,res_0022,2024-08-08,7
resv_00139,user_0244,res_0039,2024-09-02,9
resv_00140,user_0120,res_0049,2025-10-31,7
resv_00141,user_0243,res_0034,2022-10-25,9
resv_00142,user_0446,res_0056,2022-01-25,5
resv_00143,user_0475,res_0058,2024-02-22,6
resv_00144,user_0493,res_0068,2025-10-30,1
resv_00145,user_0050,res_0069,2025-07-29,6
resv_00146,user_0490,res_0056,2025-06-04,5
resv_00147,user_0172,res_0035,2023-07-01,2
resv_00148,user_0131,res_0084,2025-04-11,7
resv_00149,user_0237,res_0099,2025-10-14,4
resv_00150,user_0376,res_0087,2025-04-20,4
resv_00151,user_0267,res_0044,2025-10-19,3
resv_00152,user_0161,res_0071,2022-01-22,1
resv_00153,user_0426,res_0009,2022-01-25,7
resv_00154,user_0051,res_0068,2022-08-01,8
resv_00155,user_0180,res_0029,2026-01-25,5
resv_00156,user_0129,res_0025,2022-03-11,1
resv_00157,user_0318,res_0012,2022-04-27,10
resv_00158,user_0337,res_0028,2027-05-01,10
resv_00159,user_0327,res_0016,2025-12-21,2
resv_00160,user_0045,res_0078,2022-09-24,7
resv_00161,user_0337,res_0098,2027-01-17,10
resv_00162,user_0412,res_0024,2027-01-10,2
resv_00163,user_0357,res_0024,2023-06-03,5
resv_00164,user_0240,res_0085,2027-04-02,2
resv_00165,user_0328,res_0059,2027-03-05,5
resv_00166,user_0394,res_0055,2025-11-18,6
resv_00167,user_0132,res_0021,2026-05-18,2
resv_00168,user_0142,res_0100,2022-05-08,7
resv_00169,user_0199,res_0043,2022-05-04,5
resv_00170,user_0490,res_0034,2022-12-31,8
resv_00171,user_0036,res_0063,2027-03-17,4
resv_00172,user_0313,res_0051,2023-01-01,8
resv_00173,user_0056,res_0019,2025-01-12,7
resv_00174,user_0112,res_0079,2025-08-10,2
resv_00175,user_0468,res_0057,2026-01-05,5
resv_00176,user_0053,res_0005,2022-05-30,2
resv_00177,user_0293,res_0094,2023-05-29,8
resv_00178,user_0010,res_0064,2022-11-01,1
resv_00179,user_0478,res_0005,2025-09-23,7
resv_00180,user_0137,res_0020,2025-12-04,6
resv_00181,user_0464,res_0051,2025-03-22,1
resv_00182,user_0264,res_0091,2027-04-09,8
resv_00183,user_0245,res_0056,2024-04-07,2
resv_00184,user_0277,res_0029,2022-01-07,7
resv_00185,user_0489,res_0089,2026-08-03,8
resv_00186,user_0063,res_0073,2025-01-01,6
resv_00187,user_0171,res_0088,2023-09-13,7
resv_00188,user_0029,res_0081,2027-05-18,2
resv_00189,user_0188,res_0069,2026-10-14,6
resv_00190,user_0042,res_0059,2026-04-07,5
resv_00191,user_0332,res_0026,2022-12-28,9
resv_00192,user_0021,res_0050,2025-09-15,4
resv_00193,user_0154,res_0090,2024-03-09,2
resv_00194,user_0323,res_0089,2024-01-06,8
resv_00195,user_0044,res_0081,2024-06-15,4
resv_00196,user_0072,res_0005,2023-01-31,1
resv_00197,user_0369,res_0076,2023-05-04,8
resv_00198,user_0200,res_0009,2026-06-12,9
resv_00199,user_0330,res_0040,2024-10-20,9
resv_00200,user_0495,res_0058,2027-06-03,1
resv_00201,user_0019,res_0044,2022-04-25,6
resv_00202,user_0404,res_0093,2022-03-29,7
resv_00203,user_0061,res_0028,2026-07-11,9
resv_00204,user_0235,res_0087,2026-11-18,9
resv_00205,user_0077,res_0095,2025-04-01,4
resv_00206,user_0474,res_0010,2022-03-17,3
resv_00207,user_0251,res_0084,2022-02-09,8
resv_00208,user_0465,res_0080,2022-04-04,4
resv_00209,user_0360,res_0084,2022-09-25,1
resv_00210,user_0089,res_0081,2022-04-13,5
resv_00211,user_0421,res_0013,2024-07-23,10
resv_00212,user_0088,res_0076,2022-05-11,2
resv_00213,user_0059,res_0064,2025-05-03,10
resv_00214,user_0113,res_0009,2026-07-06,4
resv_00215,user_0219,res_0044,2026-07-20,7
resv_00216,user_0167,res_0016,2027-06-22,10
resv_00217,user_0280,res_0018,2023-10-21,4
resv_00218,user_0392,res_0006,2025-04-29,3
resv_00219,user_0172,res_0009,2022-09-05,5
resv_00220,user_0073,res_0097,2024-04-30,3
resv_00221,user_0357,res_0048,2025-02-07,3
resv_00222,user_0225,res_0032,2027-03-11,10
resv_00223,user_0021,res_0018,2022-07-24,10
resv_00224,user_0193,res_0100,2022-11-20,1
resv_00225,user_0451,res_0063,2022-06-15,1
resv_00226,user_0004,res_0023,2027-03-12,2
resv_00227,user_0362,res_0084,2025-04-30,5
resv_00228,user_0214,res_0089,2026-07-12,8
resv_00229,user_0355,res_0017,2023-02-27,3
resv_00230,user_0328,res_0035,2024-12-07,8
resv_00231,user_0211,res_0031,2027-04-06,3
resv_00232,user_0313,res_0089,2022-03-19,10
resv_00233,user_0093,res_0092,2024-10-20,10
resv_00234,user_0487,res_0012,2025-07-08,5
resv_00235,user_0179,res_0054,2022-01-10,9
resv_00236,user_0121,res_0025,2022-08-29,9
resv_00237,user_0049,res_0080,2024-01-12,9
resv_00238,user_0260,res_0029,2024-08-08,4
resv_00239,user_0142,res_0007,2023-02-01,2
resv_00240,user_0408,res_0020,2025-11-04,8
resv_00241,user_0255,res_0023,2022-11-24,1
resv_00242,user_0028,res_0083,2024-01-16,5
resv_00243,user_0108,res_0056,2023-05-30,6
resv_00244,user_0316,res_0098,2024-07-17,1
resv_00245,user_0054,res_0095,2022-04-18,9
resv_00246,user_0091,res_0021,2026-05-28,1
resv_00247,user_0249,res_0066,2022-08-26,2
resv_00248,user_0459,res_0031,2026-01-17,8
resv_00249,user_0304,res_0075,2023-10-30,7
resv_00250,user_0102,res_0096,2025-10-18,6
resv_00251,user_0118,res_0100,2022-08-14,6
resv_00252,user_0117,res_0013,2023-05-01,7
resv_00253,user_0446,res_0026,2024-02-09,4
resv_00254,user_0038,res_0061,2025-04-13,8
resv_00255,user_0028,res_0056,2022-10-24,4
resv_00256,user_0476,res_0079,2024-07-20,3
resv_00257,user_0199,res_0048,2022-10-07,8
resv_00258,user_0369,res_0025,2025-07-18,6
resv_00259,user_0500,res_0035,2023-02-19,6
resv_00260,user_0066,res_0005,2025-11-18,10
resv_00261,user_0031,res_0036,2022-10-07,2
resv_00262,user_0437,res_0060,2024-07-28,7
resv_00263,user_0088,res_0098,2023-12-05,4
resv_00264,user_0454,res_0038,2025-05-21,3
resv_00265,user_0405,res_0082,2027-05-06,10
resv_00266,user_0464,res_0022,2025-03-29,9
resv_00267,user_0438,res_0030,2022-06-27,7
resv_00268,user_0439,res_0067,2024-09-28,4
resv_00269,user_0303,res_0061,2026-09-11,8
resv_00270,user_0143,res_0002,2026-02-04,7
resv_00271,user_0377,res_0032,2023-05-23,6
resv_00272,user_0223,res_0075,2023-04-01,10
resv_00273,user_0485,res_0020,2027-02-15,10
resv_00274,user_0460,res_0001,2024-05-05,1
resv_00275,user_0021,res_0061,2026-02-11,9
resv_00276,user_0018,res_0055,2024-12-23,7
resv_00277,user_0246,res_0090,2026-08-10,2
resv_00278,user_0232,res_0064,2023-05-08,2
resv_00279,user_0286,res_0097,2022-01-26,7
resv_00280,user_0487,res_0028,2022-09-29,6
resv_00281,user_0152,res_0031,2025-08-19,2
resv_00282,user_0009,res_0062,2025-10-02,5
resv_00283,user_0083,res_0091,2024-07-29,10
resv_00284,user_0383,res_0075,2022-02-19,8
resv_00285,user_0238,res_0099,2022-10-11,7
resv_00286,user_0095,res_0048,2025-07-07,8
resv_00287,user_0361,res_0082,2022-01-03,2
resv_00288,user_0198,res_0089,2023-11-13,9
resv_00289,user_0017,res_0038,2024-05-22,5
resv_00290,user_0358,res_0079,2025-01-15,10
resv_00291,user_0407,res_0027,2026-06-02,2
resv_00292,user_0318,res_0043,2026-02-15,1
resv_00293,user_0264,res_0087,2024-01-16,1
resv_00294,user_0057,res_0050,2024-01-19,8
resv_00295,user_0317,res_0006,2024-01-19,6
resv_00296,user_0090,res_0083,2025-02-18,2
resv_00297,user_0288,res_0091,2026-05-04,4
resv_00298,user_0071,res_0043,2023-05-04,9
resv_00299,user_0059,res_0084,2024-09-06,10
resv_00300,user_0447,res_0090,2023-03-06,4
resv_00301,user_0165,res_0046,2027-01-13,5
resv_00302,user_0258,res_0088,2024-05-16,5
resv_00303,user_0028,res_0009,2024-02-03,6
resv_00304,user_0232,res_0063,2024-10-23,9
resv_00305,user_0425,res_0016,2024-08-20,9
resv_00306,user_0348,res_0069,2027-01-17,5
resv_00307,user_0232,res_0080,2024-01-24,2
resv_00308,user_0097,res_0059,2022-06-28,2
resv_00309,user_0201,res_0023,2023-08-14,2
resv_00310,user_0056,res_0022,2023-07-20,2
resv_00311,user_0357,res_0019,2024-10-13,3
resv_00312,user_0448,res_0027,2024-12-02,1
resv_00313,user_0151,res_0054,2027-06-09,9
resv_00314,user_0478,res_0017,2024-08-28,6
resv_00315,user_0216,res_0057,2026-02-19,1
resv_00316,user_0150,res_0025,2022-05-09,1
resv_00317,user_0447,res_0030,2026-09-06,9
resv_00318,user_0331,res_0043,2024-04-23,10
resv_00319,user_0176,res_0084,2025-08-16,6
resv_00320,user_0249,res_0076,2025-09-25,9
resv_00321,user_0432,res_0071,2024-06-30,8
resv_00322,user_0156,res_0073,2022-09-28,5
resv_00323,user_0088,res_0034,2023-04-10,8
resv_00324,user_0191,res_0037,2026-04-26,1
resv_00325,user_0076,res_0046,2023-08-06,8
resv_00326,user_0490,res_0022,2025-06-20,3
resv_00327,user_0365,res_0069,2023-08-08,3
resv_00328,user_0499,res_0023,2026-09-15,3
resv_00329,user_0083,res_0031,2022-08-28,1
resv_00330,user_0163,res_0074,2022-09-17,8
resv_00331,user_0134,res_0048,2023-01-13,4
resv_00332,user_0288,res_0091,2022-03-13,6
resv_00333,user_0177,res_0019,2024-02-03,8
resv_00334,user_0277,res_0021,2024-12-28,5
resv_00335,user_0063,res_0004,2024-04-08,8
resv_00336,user_0394,res_0019,2027-04-26,8
resv_00337,user_0476,res_0041,2022-11-16,1
resv_00338,user_0497,res_0095,2025-01-23,9
resv_00339,user_0170,res_0083,2025-12-15,5
resv_00340,user_0243,res_0038,2027-06-09,10
resv_00341,user_0342,res_0019,2026-06-26,10
resv_00342,user_0374,res_0057,2023-11-25,2
resv_00343,user_0375,res_0062,2027-01-18,1
resv_00344,user_0072,res_0087,2025-02-02,2
resv_00345,user_0158,res_0004,2024-04-02,10
resv_00346,user_0431,res_0029,2024-07-02,6
resv_00347,user_0048,res_0042,2022-04-23,10
resv_00348,user_0329,res_0025,2025-04-09,9
resv_00349,user_0114,res_0099,2023-07-24,4
resv_00350,user_0012,res_0011,2025-01-07,8
resv_00351,user_0347,res_0086,2027-05-16,2
resv_00352,user_0500,res_0066,2024-03-18,4
resv_00353,user_0252,res_0041,2025-05-20,10
resv_00354,user_0262,res_0008,2027-02-04,6
resv_00355,user_0204,res_0019,2026-01-06,7
resv_00356,user_0190,res_0050,2024-02-03,1
resv_00357,user_0146,res_0045,2023-12-21,5
resv_00358,user_0229,res_0072,2022-06-29,4
resv_00359,user_0373,res_0057,2026-02-27,7
resv_00360,user_0412,res_0057,2023-08-15,3
resv_00361,user_0413,res_0094,2027-06-11,7
resv_00362,user_0374,res_0054,2022-10-13,10
resv_00363,user_0307,res_0012,2022-10-22,4
resv_00364,user_0156,res_0061,2026-11-12,9
resv_00365,user_0172,res_0009,2027-03-27,10
resv_00366,user_0388,res_0049,2022-07-01,1
resv_00367,user_0210,res_0082,2027-02-16,5
resv_00368,user_0213,res_0023,2025-02-12,8
resv_00369,user_0364,res_0073,2026-03-27,3
resv_00370,user_0103,res_0024,2026-09-01,7
resv_00371,user_0149,res_0071,2024-10-01,1
resv_00372,user_0422,res_0039,2026-09-06,10
resv_00373,user_0156,res_0064,2025-02-19,8
resv_00374,user_0115,res_0004,2026-06-09,1
resv_00375,user_0079,res_0034,2023-09-07,8
resv_00376,user_0064,res_0084,2025-09-25,5
resv_00377,user_0214,res_0023,2024-10-04,4
resv_00378,user_0015,res_0016,2026-04-16,5
resv_00379,user_0253,res_0009,2025-05-11,6
resv_00380,user_0298,res_0062,2025-03-04,7
resv_00381,user_0445,res_0034,2025-07-10,8
resv_00382,user_0499,res_0089,2026-08-03,2
resv_00383,user_0192,res_0066,2026-02-10,10
resv_00384,user_0009,res_0034,2022-11-30,10
resv_00385,user_0030,res_0019,2023-10-17,8
resv_00386,user_0450,res_0089,2022-10-05,6
resv_00387,user_0084,res_0007,2023-07-13,6
resv_00388,user_0215,res_0082,2027-02-11,6
resv_00389,user_0025,res_0038,2023-08-21,9
resv_00390,user_0328,res_0010,2024-11-18,4
resv_00391,user_0393,res_0081,2023-01-11,2
resv_00392,user_0307,res_0097,2022-12-09,9
resv_00393,user_0166,res_0041,2026-08-21,5
resv_00394,user_0139,res_0088,2025-11-30,6
resv_00395,user_0050,res_0069,2025-04-02,6
resv_00396,user_0422,res_0019,2022-01-27,3
resv_00397,user_0266,res_0037,2024-02-03,8
resv_00398,user_0211,res_0044,2027-03-02,3
resv_00399,user_0053,res_0028,2022-11-13,9
resv_00400,user_0114,res_0025,2026-06-17,9
resv_00401,user_0315,res_0089,2026-08-30,9
resv_00402,user_0434,res_0069,2025-12-30,9
resv_00403,user_0360,res_0097,2026-07-02,2
resv_00404,user_0214,res_0059,2027-02-20,2
resv_00405,user_0060,res_0017,2027-03-07,1
resv_00406,user_0246,res_0045,2023-10-01,6
resv_00407,user_0072,res_0057,2026-12-28,10
resv_00408,user_0268,res_0098,2027-06-10,6
resv_00409,user_0089,res_0091,2023-09-16,1
resv_00410,user_0382,res_0016,2023-04-01,3
resv_00411,user_0439,res_0089,2022-10-19,4
resv_00412,user_0158,res_0017,2023-03-06,3
resv_00413,user_0041,res_0055,2025-11-15,2
resv_00414,user_0040,res_0003,2026-05-06,8
resv_00415,user_0388,res_0056,2022-03-29,4
resv_00416,user_0056,res_0005,2026-06-13,9
resv_00417,user_0304,res_0008,2024-08-18,2
resv_00418,user_0466,res_0033,2022-03-30,2
resv_00419,user_0155,res_0086,2022-01-22,2
resv_00420,user_0401,res_0016,2027-02-28,10
resv_00421,user_0106,res_0076,2027-01-20,4
resv_00422,user_0095,res_0086,2023-12-21,1
resv_00423,user_0047,res_0019,2026-09-29,5
resv_00424,user_0486,res_0075,2023-12-14,6
resv_00425,user_0083,res_0065,2026-05-19,10
resv_00426,user_0124,res_0065,2025-03-13,2
resv_00427,user_0051,res_0075,2026-04-13,1
resv_00428,user_0271,res_0028,2026-01-05,4
resv_00429,user_0494,res_0037,2022-12-18,9
resv_00430,user_0003,res_0093,2022-07-22,4
resv_00431,user_0472,res_0065,2026-10-10,8
resv_00432,user_0188,res_0090,2025-04-22,3
resv_00433,user_0226,res_0087,2027-05-16,2
resv_00434,user_0093,res_0046,2024-02-17,7
resv_00435,user_0110,res_0066,2023-04-12,7
resv_00436,user_0058,res_0098,2023-10-06,2
resv_00437,user_0239,res_0015,2024-11-30,3
resv_00438,user_0254,res_0098,2024-01-10,5
resv_00439,user_0286,res_0093,2022-03-25,2
resv_00440,user_0168,res_0064,2022-08-25,7
resv_00441,user_0146,res_0059,2025-05-14,5
resv_00442,user_0352,res_0057,2023-04-08,9
resv_00443,user_0209,res_0038,2026-10-18,7
resv_00444,user_0097,res_0009,2027-01-07,8
resv_00445,user_0481,res_0087,2024-01-23,3
resv_00446,user_0007,res_0087,2024-10-03,2
resv_00447,user_0203,res_0057,2024-12-06,2
resv_00448,user_0062,res_0019,2024-03-19,7
resv_00449,user_0356,res_0076,2022-07-28,3
resv_00450,user_0034,res_0047,2027-06-21,4
resv_00451,user_0174,res_0026,2025-05-03,7
resv_00452,user_0063,res_0030,2026-09-13,7
resv_00453,user_0372,res_0064,2023-07-25,10
resv_00454,user_0304,res_0035,2026-03-29,7
resv_00455,user_0183,res_0061,2025-09-27,10
resv_00456,user_0487,res_0052,2024-09-19,9
resv_00457,user_0143,res_0019,2026-04-22,8
resv_00458,user_0056,res_0016,2023-05-29,8
resv_00459,user_0255,res_0030,2025-07-10,3
resv_00460,user_0016,res_0013,2026-02-20,1
resv_00461,user_0426,res_0009,2024-10-17,1
resv_00462,user_0498,res_0023,2024-02-23,10
resv_00463,user_0348,res_0042,2022-11-09,5
resv_00464,user_0319,res_0080,2022-07-17,2
resv_00465,user_0339,res_0097,2024-11-30,8
resv_00466,user_0406,res_0060,2023-02-18,5
resv_00467,user_0339,res_0064,2024-10-01,9
resv_00468,user_0134,res_0070,2023-12-05,9
resv_00469,user_0280,res_0003,2027-05-05,1
resv_00470,user_0221,res_0016,2024-02-25,8
resv_00471,user_0162,res_0049,2024-06-25,8
resv_00472,user_0019,res_0005,2022-12-29,9
resv_00473,user_0338,res_0100,2023-09-13,3
resv_00474,user_0252,res_0056,2022-10-03,5
resv_00475,user_0367,res_0050,2024-09-25,2
resv_00476,user_0292,res_0087,2024-10-01,9
resv_00477,user_0351,res_0070,2025-03-17,8
resv_00478,user_0244,res_0072,2026-10-16,3
resv_00479,user_0260,res_0008,2024-03-12,5
resv_00480,user_0254,res_0076,2027-06-12,7
resv_00481,user_0316,res_0087,2023-12-24,5
resv_00482,user_0165,res_0008,2022-02-27,10
resv_00483,user_0024,res_0017,2026-09-11,6
resv_00484,user_0179,res_0095,2025-04-10,1
resv_00485,user_0392,res_0081,2023-11-30,7
resv_00486,user_0050,res_0055,2023-12-08,6
resv_00487,user_0211,res_0045,2022-04-26,4
resv_00488,user_0127,res_0031,2025-08-20,5
resv_00489,user_0304,res_0011,2027-02-08,2
resv_00490,user_0445,res_0040,2022-08-23,6
resv_00491,user_0087,res_0003,2025-01-07,6
resv_00492,user_0020,res_0059,2025-09-09,7
resv_00493,user_0291,res_0066,2027-01-21,7
resv_00494,user_0137,res_0003,2025-11-26,8
resv_00495,user_0302,res_0003,2023-10-11,7
resv_00496,user_0293,res_0050,2023-10-23,10
resv_00497,user_0051,res_0063,2022-07-24,4
resv_00498,user_0173,res_0064,2024-10-26,6
resv_00499,user_0086,res_0079,2023-09-06,6
resv_00500,user_0497,res_0056,2023-02-18,8
resv_00501,user_0326,res_0010,2026-09-18,9
resv_00502,user_0110,res_0037,2023-06-28,1
resv_00503,user_0153,res_0074,2024-04-03,4
resv_00504,user_0320,res_0096,2027-05-16,2
resv_00505,user_0368,res_0075,2022-07-14,10
resv_00506,user_0173,res_0035,2022-05-18,10
resv_00507,user_0411,res_0068,2024-08-31,7
resv_00508,user_0108,res_0045,2026-06-18,2
resv_00509,user_0334,res_0039,2024-10-30,5
resv_00510,user_0222,res_0085,2025-01-10,6
resv_00511,user_0103,res_0054,2024-04-03,5
resv_00512,user_0320,res_0066,2024-07-17,9
resv_00513,user_0093,res_0003,2025-07-09,9
resv_00514,user_0442,res_0024,2025-03-27,8
resv_00515,user_0110,res_0085,2027-05-25,8
resv_00516,user_0138,res_0082,2024-12-27,10
resv_00517,user_0437,res_0099,2027-02-01,7
resv_00518,user_0479,res_0073,2026-01-28,1
resv_00519,user_0268,res_0026,2024-01-17,8
resv_00520,user_0076,res_0031,2022-11-05,5
resv_00521,user_0433,res_0056,2024-04-20,6
resv_00522,user_0441,res_0009,2025-07-22,4
resv_00523,user_0434,res_0053,2023-07-01,5
resv_00524,user_0331,res_0021,2023-06-10,10
resv_00525,user_0121,res_0052,2023-05-04,2
resv_00526,user_0077,res_0025,2022-02-26,4
resv_00527,user_0409,res_0040,2024-08-08,8
resv_00528,user_0287,res_0056,2024-05-14,1
resv_00529,user_0104,res_0021,2023-07-13,3
resv_00530,user_0015,res_0034,2026-06-06,5
resv_00531,user_0338,res_0071,2022-12-27,1
resv_00532,user_0494,res_0093,2024-09-22,1
resv_00533,user_0029,res_0011,2023-10-05,10
resv_00534,user_0153,res_0009,2027-01-19,7
resv_00535,user_0460,res_0047,2025-10-07,2
resv_00536,user_0204,res_0093,2026-09-22,3
resv_00537,user_0121,res_0015,2025-03-15,9
resv_00538,user_0478,res_0016,2024-12-04,10
resv_00539,user_0487,res_0100,2027-03-23,9
resv_00540,user_0129,res_0064,2026-12-17,2
resv_00541,user_0122,res_0077,2022-09-08,6
resv_00542,user_0169,res_0075,2026-02-18,7
resv_00543,user_0413,res_0096,2026-03-04,4
resv_00544,user_0479,res_0055,2023-03-23,3
resv_00545,user_0055,res_0023,2023-03-15,5
resv_00546,user_0226,res_0053,2023-06-05,10
resv_00547,user_0029,res_0063,2024-12-28,6
resv_00548,user_0359,res_0015,2023-10-11,9
resv_00549,user_0217,res_0061,2025-10-30,4
resv_00550,user_0494,res_0036,2026-12-07,3
resv_00551,user_0186,res_0061,2026-01-05,6
resv_00552,user_0421,res_0040,2022-02-13,10
resv_00553,user_0018,res_0095,2025-09-18,1
resv_00554,user_0354,res_0086,2023-05-06,5
resv_00555,user_0283,res_0050,2023-09-26,6
resv_00556,user_0463,res_0088,2022-09-07,9
resv_00557,user_0444,res_0031,2026-10-23,8
resv_00558,user_0199,res_0002,2027-02-07,7
resv_00559,user_0475,res_0033,2023-09-09,2
resv_00560,user_0480,res_0097,2023-04-28,5
resv_00561,user_0108,res_0021,2027-02-19,8
resv_00562,user_0324,res_0041,2026-12-07,7
resv_00563,user_0405,res_0005,2023-07-16,2
resv_00564,user_0422,res_0100,2027-04-11,8
resv_00565,user_0242,res_0095,2024-04-25,6
resv_00566,user_0368,res_0055,2026-12-01,2
resv_00567,user_0423,res_0021,2025-12-01,5
resv_00568,user_0260,res_0009,2023-12-22,7
resv_00569,user_0309,res_0094,2026-07-24,9
resv_00570,user_0378,res_0042,2024-07-17,1
resv_00571,user_0391,res_0007,2025-08-06,3
resv_00572,user_0323,res_0057,2026-06-09,3
resv_00573,user_0002,res_0052,2023-02-14,5
resv_00574,user_0161,res_0074,2022-06-18,2
resv_00575,user_0081,res_0032,2024-11-23,3
resv_00576,user_0434,res_0077,2025-11-05,7
resv_00577,user_0406,res_0041,2024-07-13,8
resv_00578,user_0448,res_0095,2022-10-01,5
resv_00579,user_0089,res_0088,2025-04-29,6
resv_00580,user_0410,res_0037,2023-02-11,2
resv_00581,user_0213,res_0048,2023-01-08,7
resv_00582,user_0449,res_0049,2027-04-19,10
resv_00583,user_0115,res_0003,2027-04-26,1
resv_00584,user_0473,res_0072,2025-08-18,10
resv_00585,user_0321,res_0030,2027-02-01,2
resv_00586,user_0499,res_0060,2023-02-11,5
resv_00587,user_0360,res_0022,2022-04-12,7
resv_00588,user_0317,res_0055,2025-05-14,5
resv_00589,user_0077,res_0012,2027-05-17,6
resv_00590,user_0088,res_0073,2022-08-29,1
resv_00591,user_0368,res_0068,2024-06-10,8
resv_00592,user_0424,res_0087,2024-10-09,2
resv_00593,user_0115,res_0092,2023-02-21,4
resv_00594,user_0485,res_0035,2023-08-13,8
resv_00595,user_0196,res_0017,2024-06-02,4
resv_00596,user_0308,res_0028,2026-08-15,5
resv_00597,user_0373,res_0087,2023-01-23,7
resv_00598,user_0093,res_0053,2026-06-11,3
resv_00599,user_0015,res_0038,2027-06-23,5
resv_00600,user_0121,res_0080,2024-07-12,4
resv_00601,user_0190,res_0075,2025-11-02,8
resv_00602,user_0044,res_0002,2024-08-18,3
resv_00603,user_0447,res_0042,2027-06-19,7
resv_00604,user_0352,res_0028,2025-12-31,7
resv_00605,user_0363,res_0055,2026-02-16,10
resv_00606,user_0132,res_0010,2022-07-15,9
resv_00607,user_0031,res_0007,2023-11-13,4
resv_00608,user_0242,res_0046,2025-05-26,10
resv_00609,user_0364,res_0096,2026-07-17,1
resv_00610,user_0003,res_0033,2024-10-30,10
resv_00611,user_0196,res_0039,2024-03-19,6
resv_00612,user_0068,res_0072,2022-03-26,10
resv_00613,user_0092,res_0034,2022-12-14,9
resv_00614,user_0253,res_0044,2026-12-03,8
resv_00615,user_0068,res_0012,2023-10-12,9
resv_00616,user_0222,res_0019,2023-06-18,2
resv_00617,user_0161,res_0006,2022-09-19,8
resv_00618,user_0447,res_0036,2026-03-12,6
resv_00619,user_0475,res_0056,2023-08-03,5
resv_00620,user_0314,res_0098,2027-03-13,5
resv_00621,user_0265,res_0041,2024-06-11,3
resv_00622,user_0162,res_0095,2024-10-03,3
resv_00623,user_0285,res_0085,2025-07-27,8
resv_00624,user_0028,res_0025,2022-11-01,1
resv_00625,user_0118,res_0024,2022-03-15,8
resv_00626,user_0134,res_0021,2025-12-16,8
resv_00627,user_0224,res_0015,2027-01-08,8
resv_00628,user_0021,res_0057,2024-01-01,9
resv_00629,user_0249,res_0059,2024-10-06,2
resv_00630,user_0434,res_0093,2026-11-11,3
resv_00631,user_0064,res_0045,2022-07-11,4
resv_00632,user_0445,res_0037,2023-01-05,3
resv_00633,user_0384,res_0066,2026-08-12,5
resv_00634,user_0289,res_0085,2025-04-14,4
resv_00635,user_0299,res_0001,2024-12-13,10
resv_00636,user_0093,res_0054,2027-03-01,2
resv_00637,user_0127,res_0099,2024-10-17,2
resv_00638,user_0455,res_0043,2022-02-23,5
resv_00639,user_0349,res_0088,2022-09-07,7
resv_00640,user_0192,res_0076,2027-03-18,2
resv_00641,user_0429,res_0042,2022-11-11,1
resv_00642,user_0042,res_0059,2026-08-29,8
resv_00643,user_0233,res_0081,2027-05-11,5
resv_00644,user_0305,res_0085,2022-01-12,6
resv_00645,user_0497,res_0006,2025-09-05,10
resv_00646,user_0487,res_0058,2023-10-28,10
resv_00647,user_0067,res_0028,2026-11-03,1
resv_00648,user_0411,res_0083,2023-08-03,6
resv_00649,user_0409,res_0008,2026-03-04,2
resv_00650,user_0281,res_0078,2024-02-21,2
resv_00651,user_0205,res_0033,2022-12-31,4
resv_00652,user_0495,res_0099,2026-11-08,7
resv_00653,user_0046,res_0003,2026-10-12,4
resv_00654,user_0084,res_0050,2026-05-16,7
resv_00655,user_0146,res_0083,2026-03-22,3
resv_00656,user_0062,res_0039,2024-10-02,7
resv_00657,user_0377,res_0040,2027-01-25,10
resv_00658,user_0068,res_0046,2025-09-24,2
resv_00659,user_0427,res_0048,2024-11-15,4
resv_00660,user_0251,res_0058,2026-12-19,7
resv_00661,user_0244,res_0035,2025-02-27,10
resv_00662,user_0217,res_0012,2026-03-30,7
resv_00663,user_0416,res_0048,2025-06-11,3
resv_00664,user_0223,res_0081,2024-05-22,2
resv_00665,user_0021,res_0066,2023-12-01,8
resv_00666,user_0347,res_0029,2025-08-19,3
resv_00667,user_0477,res_0064,2024-12-15,9
resv_00668,user_0043,res_0038,2024-08-16,7
resv_00669,user_0041,res_0062,2023-09-08,3
resv_00670,user_0066,res_0088,2027-01-24,5
resv_00671,user_0431,res_0032,2024-12-07,7
resv_00672,user_0152,res_0073,2022-04-08,9
resv_00673,user_0040,res_0006,2024-11-17,2
resv_00674,user_0262,res_0055,2024-04-25,2
resv_00675,user_0238,res_0085,2026-01-15,10
resv_00676,user_0417,res_0033,2023-12-29,5
resv_00677,user_0300,res_0011,2026-04-24,9
resv_00678,user_0009,res_0015,2026-02-25,8
resv_00679,user_0092,res_0024,2026-09-23,7
resv_00680,user_0024,res_0011,2024-05-02,5
resv_00681,user_0161,res_0076,2026-01-22,8
resv_00682,user_0388,res_0086,2024-07-10,10
resv_00683,user_0414,res_0034,2023-12-01,3
resv_00684,user_0109,res_0024,2022-06-10,10
resv_00685,user_0133,res_0087,2022-08-06,7
resv_00686,user_0274,res_0003,2022-01-12,7
resv_00687,user_0060,res_0002,2022-12-18,8
resv_00688,user_0236,res_0089,2024-04-09,10
resv_00689,user_0372,res_0063,2023-09-13,10
resv_00690,user_0417,res_0079,2024-01-09,7
resv_00691,user_0412,res_0039,2022-06-29,3
resv_00692,user_0070,res_0002,2023-01-26,2
resv_00693,user_0418,res_0003,2025-11-26,4
resv_00694,user_0440,res_0004,2023-03-05,8
resv_00695,user_0333,res_0019,2025-08-23,4
resv_00696,user_0224,res_0081,2026-10-24,9
resv_00697,user_0098,res_0012,2023-09-09,8
resv_00698,user_0076,res_0061,2024-05-14,1
resv_00699,user_0060,res_0022,2027-01-23,3
resv_00700,user_0379,res_0090,2024-06-30,8
resv_00701,user_0242,res_0003,2026-10-27,8
resv_00702,user_0300,res_0032,2023-02-17,5
resv_00703,user_0292,res_0051,2022-04-15,6
resv_00704,user_0005,res_0014,2025-07-15,7
resv_00705,user_0213,res_0064,2026-02-18,10
resv_00706,user_0306,res_0094,2025-02-09,5
resv_00707,user_0019,res_0063,2024-03-29,8
resv_00708,user_0263,res_0076,2026-01-24,10
resv_00709,user_0479,res_0087,2027-01-28,8
resv_00710,user_0119,res_0092,2022-05-05,9
resv_00711,user_0010,res_0055,2025-03-26,6
resv_00712,user_0284,res_0009,2023-07-03,7
resv_00713,user_0456,res_0061,2022-08-28,8
resv_00714,user_0319,res_0083,2023-12-12,8
resv_00715,user_0358,res_0056,2022-02-12,3
resv_00716,user_0148,res_0093,2023-01-29,8
resv_00717,user_0177,res_0057,2023-04-21,9
resv_00718,user_0113,res_0076,2027-02-05,6
resv_00719,user_0472,res_0078,2026-10-14,8
resv_00720,user_0068,res_0038,2026-01-20,7
resv_00721,user_0492,res_0054,2026-09-03,6
resv_00722,user_0408,res_0061,2026-06-26,3
resv_00723,user_0319,res_0027,2023-08-02,2
resv_00724,user_0342,res_0062,2022-09-22,3
resv_00725,user_0103,res_0021,2025-05-25,8
resv_00726,user_0052,res_0054,2027-04-16,8
resv_00727,user_0156,res_0031,2023-03-05,9
resv_00728,user_0025,res_0003,2024-01-05,5
resv_00729,user_0183,res_0087,2022-11-21,3
resv_00730,user_0424,res_0065,2022-03-07,2
resv_00731,user_0173,res_0056,2022-08-22,10
resv_00732,user_0117,res_0016,2025-02-24,4
resv_00733,user_0250,res_0034,2023-11-28,6
resv_00734,user_0394,res_0006,2026-04-27,9
resv_00735,user_0137,res_0020,2026-10-14,9
resv_00736,user_0310,res_0086,2022-08-02,1
resv_00737,user_0475,res_0057,2026-06-25,8
resv_00738,user_0493,res_0097,2022-08-16,2
resv_00739,user_0401,res_0079,2025-06-02,2
resv_00740,user_0422,res_0072,2022-03-27,9
resv_00741,user_0054,res_0022,2025-07-14,2
resv_00742,user_0446,res_0027,2027-02-09,6
resv_00743,user_0081,res_0094,2023-08-22,8
resv_00744,user_0391,res_0065,2024-10-17,2
resv_00745,user_0079,res_0083,2024-01-15,6
resv_00746,user_0420,res_0018,2022-09-09,4
resv_00747,user_0225,res_0054,2026-04-25,1
resv_00748,user_0126,res_0061,2023-12-01,5
resv_00749,user_0259,res_0022,2022-06-24,5
resv_00750,user_0191,res_0092,2026-03-26,7
resv_00751,user_0185,res_0081,2025-09-23,4
resv_00752,user_0078,res_0097,2026-03-24,9
resv_00753,user_0216,res_0030,2022-10-10,7
resv_00754,user_0212,res_0053,2027-01-14,8
resv_00755,user_0488,res_0067,2026-06-16,6
resv_00756,user_0484,res_0004,2024-06-25,3
resv_00757,user_0395,res_0002,2026-01-09,9
resv_00758,user_0484,res_0009,2022-06-23,6
resv_00759,user_0162,res_0052,2026-05-01,3
resv_00760,user_0223,res_0008,2024-03-16,1
resv_00761,user_0339,res_0083,2022-11-06,10
resv_00762,user_0030,res_0081,2025-12-31,9
resv_00763,user_0499,res_0038,2024-05-08,7
resv_00764,user_0454,res_0088,2025-12-06,9
resv_00765,user_0448,res_0039,2026-01-17,6
resv_00766,user_0466,res_0045,2022-01-17,5
resv_00767,user_0461,res_0068,2025-06-04,3
resv_00768,user_0359,res_0052,2024-07-02,4
resv_00769,user_0455,res_0070,2025-07-02,10
resv_00770,user_0334,res_0057,2025-11-29,6
resv_00771,user_0455,res_0084,2024-04-08,4
resv_00772,user_0452,res_0039,2022-06-22,1
resv_00773,user_0276,res_0043,2024-03-09,3
resv_00774,user_0267,res_0070,2023-08-05,4
resv_00775,user_0048,res_0066,2025-02-04,5
resv_00776,user_0267,res_0044,2026-03-31,3
resv_00777,user_0012,res_0004,2026-12-29,9
resv_00778,user_0304,res_0034,2023-05-10,5
resv_00779,user_0372,res_0055,2024-10-31,2
resv_00780,user_0375,res_0008,2026-09-20,6
resv_00781,user_0133,res_0081,2024-11-05,6
resv_00782,user_0064,res_0007,2026-03-30,2
resv_00783,user_0230,res_0039,2025-03-18,1
resv_00784,user_0233,res_0044,2023-04-29,10
resv_00785,user_0290,res_0092,2027-01-06,9
resv_00786,user_0433,res_0077,2023-04-24,6
resv_00787,user_0154,res_0037,2025-09-27,10
resv_00788,user_0345,res_0018,2026-01-02,7
resv_00789,user_0267,res_0095,2023-05-23,2
resv_00790,user_0168,res_0067,2025-04-07,4
resv_00791,user_0422,res_0100,2024-01-10,8
resv_00792,user_0051,res_0019,2025-12-28,7
resv_00793,user_0425,res_0053,2022-06-17,2
resv_00794,user_0032,res_0055,2026-12-25,3
resv_00795,user_0244,res_0028,2024-07-02,2
resv_00796,user_0190,res_0087,2024-12-13,7
resv_00797,user_0302,res_0072,2024-11-28,7
resv_00798,user_0447,res_0034,2025-04-11,8
resv_00799,user_0326,res_0055,2024-06-20,8
resv_00800,user_0375,res_0054,2026-08-15,3
resv_00801,user_0074,res_0065,2022-09-18,8
resv_00802,user_0365,res_0059,2022-09-22,9
resv_00803,user_0442,res_0068,2022-08-30,4
resv_00804,user_0234,res_0061,2022-03-08,3
resv_00805,user_0484,res_0072,2024-01-27,2
resv_00806,user_0309,res_0053,2022-08-14,2
resv_00807,user_0190,res_0074,2023-08-17,1
resv_00808,user_0268,res_0020,2022-08-30,6
resv_00809,user_0157,res_0048,2023-09-14,5
resv_00810,user_0249,res_0004,2026-06-09,3
resv_00811,user_0073,res_0076,2024-05-13,1
resv_00812,user_0480,res_0040,2026-12-26,5
resv_00813,user_0111,res_0024,2026-08-05,8
resv_00814,user_0002,res_0016,2025-01-26,6
resv_00815,user_0035,res_0006,2024-05-05,8
resv_00816,user_0294,res_0040,2025-03-04,8
resv_00817,user_0461,res_0044,2026-05-20,7
resv_00818,user_0244,res_0093,2026-09-04,10
resv_00819,user_0068,res_0098,2022-10-11,9
resv_00820,user_0326,res_0059,2026-04-09,8
resv_00821,user_0342,res_0058,2022-11-02,6
resv_00822,user_0046,res_0080,2025-09-22,10
resv_00823,user_0210,res_0050,2023-04-22,7
resv_00824,user_0174,res_0070,2022-04-04,8
resv_00825,user_0377,res_0036,2025-08-15,2
resv_00826,user_0444,res_0022,2025-12-19,1
resv_00827,user_0293,res_0081,2026-06-19,5
resv_00828,user_0288,res_0083,2022-09-11,9
resv_00829,user_0044,res_0025,2027-05-11,10
resv_00830,user_0278,res_0074,2026-04-01,1
resv_00831,user_0491,res_0073,2024-12-04,4
resv_00832,user_0385,res_0061,2024-10-26,1
resv_00833,user_0062,res_0085,2027-04-02,9
resv_00834,user_0093,res_0003,2023-07-18,4
resv_00835,user_0126,res_0091,2026-09-15,10
resv_00836,user_0228,res_0011,2026-07-11,9
resv_00837,user_0311,res_0042,2024-04-02,10
resv_00838,user_0024,res_0063,2026-11-01,1
resv_00839,user_0175,res_0056,2023-01-05,7
resv_00840,user_0013,res_0068,2023-10-12,7
resv_00841,user_0132,res_0012,2022-08-23,2
resv_00842,user_0278,res_0022,2023-08-08,3
resv_00843,user_0094,res_0033,2026-04-23,2
resv_00844,user_0079,res_0040,2027-05-05,7
resv_00845,user_0348,res_0022,2022-05-01,10
resv_00846,user_0493,res_0042,2023-01-07,1
resv_00847,user_0366,res_0008,2023-09-03,7
resv_00848,user_0051,res_0041,2022-10-19,7
resv_00849,user_0458,res_0042,2023-06-13,7
resv_00850,user_0483,res_0016,2022-04-17,4
resv_00851,user_0123,res_0097,2025-05-07,10
resv_00852,user_0122,res_0064,2024-11-07,9
resv_00853,user_0198,res_0015,2023-07-06,1
resv_00854,user_0163,res_0060,2025-02-06,7
resv_00855,user_0034,res_0062,2022-03-01,7
resv_00856,user_0325,res_0030,2027-02-15,1
resv_00857,user_0138,res_0071,2027-05-28,10
resv_00858,user_0346,res_0013,2023-05-20,9
resv_00859,user_0334,res_0017,2023-09-16,10
resv_00860,user_0209,res_0058,2022-06-21,9
resv_00861,user_0105,res_0019,2024-02-04,9
resv_00862,user_0087,res_0032,2025-01-05,7
resv_00863,user_0493,res_0072,2024-07-14,1
resv_00864,user_0001,res_0060,2027-05-23,10
resv_00865,user_0149,res_0084,2027-06-14,3
resv_00866,user_0001,res_0008,2027-03-27,8
resv_00867,user_0140,res_0077,2023-05-29,7
resv_00868,user_0180,res_0081,2023-03-12,10
resv_00869,user_0431,res_0066,2023-07-31,1
resv_00870,user_0083,res_0095,2024-12-29,10
resv_00871,user_0036,res_0039,2022-07-03,7
resv_00872,user_0358,res_0016,2026-08-28,3
resv_00873,user_0372,res_0072,2023-07-27,7
resv_00874,user_0108,res_0079,2024-10-30,6
resv_00875,user_0453,res_0088,2027-04-21,6
resv_00876,user_0326,res_0034,2026-03-22,8
resv_00877,user_0140,res_0032,2025-09-18,6
resv_00878,user_0175,res_0027,2024-07-30,10
resv_00879,user_0169,res_0003,2027-02-15,3
resv_00880,user_0331,res_0001,2025-05-31,8
resv_00881,user_0003,res_0002,2025-10-09,3
resv_00882,user_0212,res_0072,2027-01-08,8
resv_00883,user_0391,res_0051,2025-01-07,2
resv_00884,user_0404,res_0084,2025-08-26,2
resv_00885,user_0276,res_0004,2027-01-02,8
resv_00886,user_0345,res_0016,2023-12-24,7
resv_00887,user_0424,res_0077,2024-01-04,7
resv_00888,user_0091,res_0099,2026-07-21,1
resv_00889,user_0064,res_0060,2024-01-29,4
resv_00890,user_0228,res_0002,2023-03-30,1
resv_00891,user_0389,res_0036,2025-10-25,6
resv_00892,user_0099,res_0012,2026-07-30,10
resv_00893,user_0321,res_0039,2026-07-14,4
resv_00894,user_0120,res_0064,2027-06-05,6
resv_00895,user_0019,res_0036,2024-10-06,10
resv_00896,user_0108,res_0001,2023-02-06,7
resv_00897,user_0057,res_0036,2025-03-11,9
resv_00898,user_0253,res_0022,2025-02-04,4
resv_00899,user_0338,res_0095,2025-03-04,10
resv_00900,user_0290,res_0023,2022-05-14,10
resv_00901,user_0066,res_0096,2022-05-14,3
resv_00902,user_0133,res_0073,2026-10-19,4
resv_00903,user_0452,res_0067,2026-02-01,5
resv_00904,user_0099,res_0087,2022-02-17,9
resv_00905,user_0315,res_0033,2025-10-26,9
resv_00906,user_0453,res_0059,2022-01-05,7
resv_00907,user_0329,res_0087,2027-04-16,1
resv_00908,user_0438,res_0042,2024-06-04,7
resv_00909,user_0141,res_0016,2025-10-24,9
resv_00910,user_0239,res_0064,2024-01-11,9
resv_00911,user_0389,res_0006,2026-12-16,4
resv_00912,user_0025,res_0036,2027-02-24,7
resv_00913,user_0273,res_0058,2023-10-10,1
resv_00914,user_0201,res_0025,2023-11-17,2
resv_00915,user_0451,res_0074,2026-07-13,1
resv_00916,user_0378,res_0029,2025-11-13,7
resv_00917,user_0491,res_0010,2027-02-22,4
resv_00918,user_0101,res_0022,2023-11-06,5
resv_00919,user_0033,res_0081,2025-07-04,2
resv_00920,user_0015,res_0062,2024-06-03,1
resv_00921,user_0304,res_0081,2027-03-31,6
resv_00922,user_0431,res_0033,2023-05-22,2
resv_00923,user_0243,res_0031,2027-05-18,6
resv_00924,user_0427,res_0007,2026-08-10,6
resv_00925,user_0267,res_0031,2027-04-17,2
resv_00926,user_0398,res_0077,2025-06-22,8
resv_00927,user_0392,res_0013,2025-07-04,8
resv_00928,user_0297,res_0016,2022-06-25,1
resv_00929,user_0470,res_0005,2024-02-12,6
resv_00930,user_0456,res_0089,2022-05-14,3
resv_00931,user_0032,res_0057,2022-04-23,5
resv_00932,user_0313,res_0081,2024-06-03,2
resv_00933,user_0053,res_0087,2022-04-25,9
resv_00934,user_0027,res_0038,2026-10-07,7
resv_00935,user_0206,res_0013,2025-06-18,7
resv_00936,user_0120,res_0077,2026-06-01,10
resv_00937,user_0006,res_0059,2024-02-26,8
resv_00938,user_0408,res_0055,2026-12-08,10
resv_00939,user_0318,res_0013,2023-11-27,1
resv_00940,user_0233,res_0067,2023-11-04,10
resv_00941,user_0099,res_0014,2022-07-30,1
resv_00942,user_0305,res_0092,2022-05-19,10
resv_00943,user_0405,res_0025,2027-01-27,10
resv_00944,user_0065,res_0082,2024-11-08,5
resv_00945,user_0182,res_0054,2024-09-12,10
resv_00946,user_0228,res_0024,2023-05-13,3
resv_00947,user_0409,res_0006,2022-05-04,3
resv_00948,user_0160,res_0075,2024-06-11,9
resv_00949,user_0492,res_0084,2026-03-25,6
resv_00950,user_0160,res_0075,2026-12-18,9
resv_00951,user_0398,res_0019,2022-10-29,8
resv_00952,user_0159,res_0078,2023-12-04,5
resv_00953,user_0189,res_0002,2024-11-26,10
resv_00954,user_0337,res_0087,2022-10-24,1
resv_00955,user_0122,res_0065,2026-08-05,9
resv_00956,user_0440,res_0007,2024-05-14,6
resv_00957,user_0101,res_0026,2025-08-04,4
resv_00958,user_0403,res_0009,2023-12-01,4
resv_00959,user_0342,res_0061,2025-11-23,8
resv_00960,user_0308,res_0089,2023-11-10,10
resv_00961,user_0290,res_0043,2025-06-15,5
resv_00962,user_0215,res_0043,2022-11-29,2
resv_00963,user_0233,res_0006,2024-10-12,4
resv_00964,user_0472,res_0001,2025-08-01,4
resv_00965,user_0355,res_0030,2024-08-13,10
resv_00966,user_0110,res_0031,2024-09-11,6
resv_00967,user_0414,res_0095,2024-02-09,4
resv_00968,user_0205,res_0024,2026-08-19,1
resv_00969,user_0186,res_0002,2022-06-01,6
resv_00970,user_0016,res_0072,2022-08-24,3
resv_00971,user_0149,res_0057,2023-02-03,10
resv_00972,user_0468,res_0098,2024-01-08,1
resv_00973,user_0500,res_0004,2023-02-12,4
resv_00974,user_0146,res_0023,2023-03-25,5
resv_00975,user_0369,res_0023,2023-11-27,9
resv_00976,user_0126,res_0023,2023-02-06,1
resv_00977,user_0091,res_0034,2027-02-09,2
resv_00978,user_0011,res_0087,2022-10-09,7
resv_00979,user_0336,res_0015,2023-11-25,4
resv_00980,user_0157,res_0059,2023-05-07,6
resv_00981,user_0415,res_0048,2025-09-15,3
resv_00982,user_0482,res_0068,2026-06-25,10
resv_00983,user_0452,res_0056,2026-12-04,2
resv_00984,user_0061,res_0019,2026-12-13,3
resv_00985,user_0407,res_0025,2023-01-28,9
resv_00986,user_0194,res_0089,2024-02-06,6
resv_00987,user_0307,res_0055,2025-07-26,4
resv_00988,user_0472,res_0006,2026-04-12,10
resv_00989,user_0301,res_0025,2026-10-16,9
resv_00990,user_0151,res_0020,2023-11-03,4
resv_00991,user_0028,res_0081,2026-06-18,5
resv_00992,user_0447,res_0017,2026-10-10,9
resv_00993,user_0496,res_0075,2026-12-20,8
resv_00994,user_0108,res_0094,2022-06-16,8
resv_00995,user_0405,res_0085,2025-06-13,2
resv_00996,user_0086,res_0066,2024-03-05,9
resv_00997,user_0192,res_0064,2024-11-28,8
resv_00998,user_0092,res_0042,2025-12-30,6
resv_00999,user_0270,res_0089,2024-09-16,8
resv_01000,user_0243,res_0035,2025-04-05,7
resv_01001,user_0327,res_0075,2025-08-23,1
resv_01002,user_0107,res_0029,2027-01-07,4
resv_01003,user_0232,res_0031,2024-03-21,4
resv_01004,user_0157,res_0055,2026-12-26,7
resv_01005,user_0293,res_0021,2027-03-31,6
resv_01006,user_0131,res_0071,2022-06-23,3
resv_01007,user_0385,res_0011,2023-08-28,8
resv_01008,user_0266,res_0046,2023-04-17,10
resv_01009,user_0022,res_0060,2024-11-15,10
resv_01010,user_0173,res_0055,2024-07-12,8
resv_01011,user_0222,res_0053,2024-01-23,8
resv_01012,user_0163,res_0035,2024-02-23,1
resv_01013,user_0092,res_0057,2023-04-24,5
resv_01014,user_0331,res_0010,2024-01-06,2
resv_01015,user_0151,res_0065,2024-11-16,9
resv_01016,user_0330,res_0011,2026-05-29,5
resv_01017,user_0475,res_0030,2022-07-21,2
resv_01018,user_0037,res_0047,2022-03-20,9
resv_01019,user_0103,res_0043,2023-02-07,6
resv_01020,user_0129,res_0039,2026-03-07,5
resv_01021,user_0098,res_0091,2025-05-22,3
resv_01022,user_0438,res_0097,2026-01-06,9
resv_01023,user_0468,res_0034,2022-01-18,5
resv_01024,user_0145,res_0045,2026-05-23,7
resv_01025,user_0485,res_0052,2026-08-11,10
resv_01026,user_0388,res_0084,2022-01-25,8
resv_01027,user_0335,res_0066,2026-04-08,3
resv_01028,user_0444,res_0051,2023-04-12,4
resv_01029,user_0371,res_0096,2023-03-06,8
resv_01030,user_0120,res_0067,2025-04-17,9
resv_01031,user_0388,res_0060,2026-01-19,8
resv_01032,user_0175,res_0011,2023-10-04,4
resv_01033,user_0220,res_0099,2027-04-14,7
resv_01034,user_0108,res_0057,2024-07-10,9
resv_01035,user_0016,res_0048,2022-10-12,10
resv_01036,user_0448,res_0017,2023-09-18,1
resv_01037,user_0256,res_0085,2026-09-05,6
resv_01038,user_0174,res_0029,2024-05-08,7
resv_01039,user_0352,res_0097,2024-04-06,9
resv_01040,user_0154,res_0042,2025-04-17,1
resv_01041,user_0291,res_0005,2027-03-04,3
resv_01042,user_0079,res_0043,2025-03-09,10
resv_01043,user_0468,res_0078,2025-03-21,7
resv_01044,user_0196,res_0027,2027-04-27,7
resv_01045,user_0033,res_0069,2024-03-02,4
resv_01046,user_0244,res_0014,2023-11-05,10
resv_01047,user_0493,res_0058,2025-08-01,5
resv_01048,user_0048,res_0022,2022-08-02,9
resv_01049,user_0091,res_0005,2026-08-20,10
resv_01050,user_0251,res_0004,2023-01-18,4
resv_01051,user_0036,res_0050,2023-08-05,4
resv_01052,user_0120,res_0038,2025-09-12,9
resv_01053,user_0036,res_0059,2022-04-28,6
resv_01054,user_0266,res_0002,2022-12-18,6
resv_01055,user_0441,res_0053,2024-03-11,3
resv_01056,user_0057,res_0017,2025-01-03,7
resv_01057,user_0245,res_0096,2022-05-21,7
resv_01058,user_0490,res_0027,2022-09-24,4
resv_01059,user_0159,res_0056,2026-08-03,8
resv_01060,user_0082,res_0078,2025-03-23,5
resv_01061,user_0301,res_0026,2024-10-26,8
resv_01062,user_0142,res_0026,2022-01-16,3
resv_01063,user_0229,res_0009,2026-08-16,7
resv_01064,user_0310,res_0032,2024-12-12,6
resv_01065,user_0467,res_0073,2026-12-06,8
resv_01066,user_0236,res_0060,2025-03-25,1
resv_01067,user_0378,res_0012,2023-08-13,8
resv_01068,user_0178,res_0090,2026-09-22,5
resv_01069,user_0201,res_0079,2026-08-14,3
resv_01070,user_0213,res_0032,2023-01-03,10
resv_01071,user_0376,res_0056,2024-07-26,7
resv_01072,user_0467,res_0085,2023-01-11,10
resv_01073,user_0049,res_0051,2025-12-01,1
resv_01074,user_0123,res_0021,2023-07-15,9
resv_01075,user_0150,res_0086,2027-02-20,2
resv_01076,user_0358,res_0093,2026-01-19,4
resv_01077,user_0466,res_0064,2024-04-22,9
resv_01078,user_0063,res_0048,2022-06-06,2
resv_01079,user_0259,res_0099,2026-05-16,6
resv_01080,user_0210,res_0058,2022-12-04,5
resv_01081,user_0107,res_0065,2022-04-02,8
resv_01082,user_0014,res_0010,2025-08-01,8
resv_01083,user_0196,res_0044,2026-03-08,7
resv_01084,user_0439,res_0025,2024-03-23,1
resv_01085,user_0006,res_0033,2022-08-23,3
resv_01086,user_0168,res_0086,2026-03-14,8
resv_01087,user_0249,res_0060,2022-05-20,2
resv_01088,user_0281,res_0085,2023-05-12,8
resv_01089,user_0072,res_0061,2026-08-08,5
resv_01090,user_0431,res_0021,2022-12-16,1
resv_01091,user_0311,res_0013,2022-12-29,5
resv_01092,user_0064,res_0069,2026-02-27,7
resv_01093,user_0087,res_0010,2025-10-07,1
resv_01094,user_0347,res_0035,2022-11-11,8
resv_01095,user_0184,res_0023,2023-03-20,1
resv_01096,user_0458,res_0087,2024-12-26,4
resv_01097,user_0227,res_0090,2022-04-08,9
resv_01098,user_0329,res_0085,2026-01-07,2
resv_01099,user_0200,res_0089,2023-09-24,8
resv_01100,user_0027,res_0077,2022-01-10,1
resv_01101,user_0396,res_0049,2026-04-21,4
resv_01102,user_0476,res_0032,2024-02-07,4
resv_01103,user_0103,res_0012,2022-02-02,7
resv_01104,user_0015,res_0002,2023-11-22,4
resv_01105,user_0349,res_0086,2022-05-10,4
resv_01106,user_0491,res_0013,2026-06-21,3
resv_01107,user_0371,res_0022,2022-04-01,7
resv_01108,user_0263,res_0014,2026-07-29,6
resv_01109,user_0166,res_0072,2025-07-07,4
resv_01110,user_0320,res_0027,2027-03-29,9
resv_01111,user_0203,res_0055,2022-09-05,4
resv_01112,user_0110,res_0014,2024-01-01,6
resv_01113,user_0089,res_0002,2024-04-03,6
resv_01114,user_0007,res_0050,2023-03-12,8
resv_01115,user_0113,res_0009,2025-09-09,5
resv_01116,user_0333,res_0080,2024-01-26,1
resv_01117,user_0035,res_0028,2024-04-21,5
resv_01118,user_0393,res_0077,2024-10-20,2
resv_01119,user_0365,res_0069,2026-06-09,10
resv_01120,user_0088,res_0033,2027-05-19,2
resv_01121,user_0308,res_0042,2025-07-16,7
resv_01122,user_0348,res_0099,2025-11-21,3
resv_01123,user_0171,res_0023,2025-07-25,6
resv_01124,user_0436,res_0086,2024-09-14,2
resv_01125,user_0172,res_0003,2025-05-31,10
resv_01126,user_0230,res_0049,2024-11-12,4
resv_01127,user_0258,res_0076,2025-12-14,1
resv_01128,user_0120,res_0003,2025-06-16,2
resv_01129,user_0159,res_0031,2026-02-20,7
resv_01130,user_0388,res_0032,2025-06-23,2
resv_01131,user_0031,res_0018,2024-02-07,8
resv_01132,user_0152,res_0026,2022-11-07,7
resv_01133,user_0105,res_0083,2022-03-19,4
resv_01134,user_0473,res_0093,2025-05-09,8
resv_01135,user_0379,res_0043,2022-10-02,5
resv_01136,user_0163,res_0083,2026-05-31,1
resv_01137,user_0267,res_0054,2025-08-20,5
resv_01138,user_0385,res_0004,2023-04-15,6
resv_01139,user_0176,res_0032,2023-02-26,9
resv_01140,user_0028,res_0086,2023-05-24,4
resv_01141,user_0312,res_0049,2024-12-03,6
resv_01142,user_0094,res_0057,2025-07-13,1
resv_01143,user_0034,res_0063,2022-05-24,4
resv_01144,user_0027,res_0082,2022-10-17,4
resv_01145,user_0065,res_0012,2022-12-22,10
resv_01146,user_0282,res_0027,2023-04-29,9
resv_01147,user_0041,res_0055,2026-01-24,8
resv_01148,user_0160,res_0022,2026-01-17,4
resv_01149,user_0126,res_0055,2022-12-28,10
resv_01150,user_0128,res_0039,2023-08-08,10
resv_01151,user_0230,res_0082,2023-02-17,5
resv_01152,user_0442,res_0062,2022-06-13,6
resv_01153,user_0204,res_0049,2022-12-10,8
resv_01154,user_0226,res_0055,2024-10-31,10
resv_01155,user_0377,res_0056,2026-04-07,3
resv_01156,user_0420,res_0062,2022-02-10,7
resv_01157,user_0219,res_0011,2026-04-04,5
resv_01158,user_0305,res_0069,2022-11-09,9
resv_01159,user_0373,res_0023,2023-06-11,7
resv_01160,user_0238,res_0040,2024-07-17,5
resv_01161,user_0193,res_0072,2025-05-26,8
resv_01162,user_0037,res_0043,2022-10-07,8
resv_01163,user_0101,res_0020,2027-02-20,4
resv_01164,user_0003,res_0002,2026-10-31,9
resv_01165,user_0374,res_0093,2024-02-06,8
resv_01166,user_0208,res_0054,2027-04-10,7
resv_01167,user_0497,res_0096,2024-02-04,7
resv_01168,user_0251,res_0040,2025-08-05,10
resv_01169,user_0037,res_0053,2026-12-18,1
resv_01170,user_0472,res_0016,2024-02-28,10
resv_01171,user_0084,res_0025,2026-04-12,7
resv_01172,user_0491,res_0033,2026-04-29,6
resv_01173,user_0261,res_0091,2024-09-27,6
resv_01174,user_0357,res_0008,2025-08-26,7
resv_01175,user_0475,res_0055,2026-02-15,4
resv_01176,user_0125,res_0062,2022-03-12,6
resv_01177,user_0324,res_0091,2025-10-17,1
resv_01178,user_0358,res_0086,2025-08-14,3
resv_01179,user_0134,res_0078,2024-07-21,3
resv_01180,user_0131,res_0032,2025-05-18,10
resv_01181,user_0488,res_0085,2026-09-20,3
resv_01182,user_0007,res_0015,2026-04-28,2
resv_01183,user_0330,res_0092,2027-02-21,7
resv_01184,user_0204,res_0091,2025-04-15,2
resv_01185,user_0266,res_0025,2026-11-30,7
resv_01186,user_0085,res_0055,2023-06-02,5
resv_01187,user_0257,res_0069,2025-09-10,7
resv_01188,user_0301,res_0040,2026-02-12,7
resv_01189,user_0386,res_0094,2026-11-16,2
resv_01190,user_0056,res_0082,2025-03-18,6
resv_01191,user_0417,res_0019,2023-07-05,4
resv_01192,user_0477,res_0096,2024-03-26,5
resv_01193,user_0004,res_0022,2026-07-30,8
resv_01194,user_0001,res_0013,2022-05-24,7
resv_01195,user_0269,res_0054,2025-09-02,5
resv_01196,user_0376,res_0056,2022-12-16,3
resv_01197,user_0192,res_0024,2025-12-12,3
resv_01198,user_0102,res_0063,2023-01-08,9
resv_01199,user_0486,res_0015,2024-07-11,10
resv_01200,user_0417,res_0028,2023-01-16,4
resv_01201,user_0031,res_0096,2023-01-10,4
resv_01202,user_0133,res_0053,2024-06-21,10
resv_01203,user_0056,res_0082,2022-12-07,2
resv_01204,user_0151,res_0011,2024-02-13,2
resv_01205,user_0142,res_0009,2023-12-02,1
resv_01206,user_0300,res_0031,2024-09-05,8
resv_01207,user_0345,res_0098,2022-07-26,1
resv_01208,user_0032,res_0035,2026-03-20,1
resv_01209,user_0341,res_0075,2026-06-05,1
resv_01210,user_0050,res_0028,2024-12-05,1
resv_01211,user_0193,res_0078,2024-12-01,5
resv_01212,user_0478,res_0063,2024-08-27,6
resv_01213,user_0310,res_0055,2023-11-21,6
resv_01214,user_0350,res_0044,2023-10-08,4
resv_01215,user_0482,res_0047,2025-09-24,7
resv_01216,user_0194,res_0079,2022-04-28,6
resv_01217,user_0448,res_0043,2026-07-10,2
resv_01218,user_0002,res_0059,2026-11-18,7
resv_01219,user_0372,res_0018,2022-02-22,10
resv_01220,user_0063,res_0068,2023-07-27,4
resv_01221,user_0189,res_0058,2025-06-20,8
resv_01222,user_0264,res_0053,2025-09-14,4
resv_01223,user_0002,res_0082,2027-05-16,6
resv_01224,user_0009,res_0082,2024-01-08,1
resv_01225,user_0497,res_0095,2023-10-29,8
resv_01226,user_0120,res_0078,2024-09-19,7
resv_01227,user_0379,res_0079,2026-06-15,2
resv_01228,user_0179,res_0055,2027-04-08,8
resv_01229,user_0338,res_0090,2027-01-28,2
resv_01230,user_0376,res_0050,2023-08-25,10
resv_01231,user_0100,res_0092,2022-10-21,9
resv_01232,user_0449,res_0074,2026-05-27,9
resv_01233,user_0017,res_0017,2024-10-16,2
resv_01234,user_0155,res_0087,2025-01-28,8
resv_01235,user_0087,res_0058,2027-05-10,2
resv_01236,user_0247,res_0085,2025-01-12,4
resv_01237,user_0125,res_0028,2022-12-16,2
resv_01238,user_0055,res_0056,2026-01-05,1
resv_01239,user_0083,res_0042,2027-01-23,7
resv_01240,user_0393,res_0036,2023-03-28,5
resv_01241,user_0341,res_0061,2027-05-03,2
resv_01242,user_0341,res_0018,2027-03-05,9
resv_01243,user_0325,res_0093,2024-10-04,2
resv_01244,user_0408,res_0089,2023-11-13,4
resv_01245,user_0478,res_0074,2026-04-19,10
resv_01246,user_0034,res_0083,2023-12-04,7
resv_01247,user_0467,res_0092,2026-03-02,7
resv_01248,user_0335,res_0083,2026-05-27,9
resv_01249,user_0495,res_0056,2026-07-14,4
resv_01250,user_0115,res_0034,2022-08-25,5
resv_01251,user_0045,res_0015,2022-07-02,6
resv_01252,user_0380,res_0076,2027-04-04,4
resv_01253,user_0382,res_0015,2025-03-19,6
resv_01254,user_0066,res_0041,2027-05-08,7
resv_01255,user_0296,res_0095,2022-01-04,5
resv_01256,user_0032,res_0076,2025-01-01,4
resv_01257,user_0434,res_0050,2024-05-17,6
resv_01258,user_0395,res_0047,2026-06-22,3
resv_01259,user_0267,res_0085,2025-05-17,10
resv_01260,user_0114,res_0014,2024-03-20,1
resv_01261,user_0276,res_0059,2023-10-10,3
resv_01262,user_0418,res_0038,2026-09-11,4
resv_01263,user_0256,res_0088,2024-07-22,3
resv_01264,user_0308,res_0037,2022-10-26,1
resv_01265,user_0307,res_0041,2023-09-25,9
resv_01266,user_0353,res_0016,2023-07-15,10
resv_01267,user_0245,res_0081,2026-08-25,4
resv_01268,user_0254,res_0038,2025-12-13,7
resv_01269,user_0031,res_0043,2022-11-09,4
resv_01270,user_0435,res_0094,2027-03-29,4
resv_01271,user_0359,res_0095,2022-04-18,3
resv_01272,user_0439,res_0063,2026-01-29,7
resv_01273,user_0154,res_0085,2027-02-12,3
resv_01274,user_0012,res_0071,2024-03-14,6
resv_01275,user_0217,res_0087,2024-08-27,6
resv_01276,user_0388,res_0051,2024-03-11,2
resv_01277,user_0271,res_0094,2023-08-03,5
resv_01278,user_0357,res_0025,2025-12-06,9
resv_01279,user_0202,res_0013,2022-09-26,6
resv_01280,user_0386,res_0075,2026-11-09,1
resv_01281,user_0436,res_0091,2023-09-15,8
resv_01282,user_0336,res_0021,2025-03-28,3
resv_01283,user_0227,res_0090,2024-09-15,5
resv_01284,user_0460,res_0019,2023-03-06,4
resv_01285,user_0412,res_0096,2023-02-05,1
resv_01286,user_0186,res_0093,2026-10-20,10
resv_01287,user_0053,res_0087,2026-05-28,3
resv_01288,user_0193,res_0055,2025-10-23,3
resv_01289,user_0475,res_0008,2022-07-16,6
resv_01290,user_0499,res_0061,2023-01-03,1
resv_01291,user_0061,res_0066,2025-08-24,6
resv_01292,user_0304,res_0056,2027-06-10,3
resv_01293,user_0322,res_0093,2024-04-07,4
resv_01294,user_0018,res_0016,2023-05-09,7
resv_01295,user_0251,res_0039,2025-11-09,10
resv_01296,user_0489,res_0023,2025-08-29,7
resv_01297,user_0398,res_0089,2026-06-17,2
resv_01298,user_0399,res_0060,2026-11-07,7
resv_01299,user_0141,res_0081,2025-08-30,8
resv_01300,user_0189,res_0002,2022-09-03,2
resv_01301,user_0043,res_0016,2024-09-28,9
resv_01302,user_0116,res_0003,2025-04-16,10
resv_01303,user_0294,res_0062,2023-07-15,2
resv_01304,user_0407,res_0076,2023-01-06,7
resv_01305,user_0248,res_0083,2025-12-10,7
resv_01306,user_0153,res_0074,2022-09-14,2
resv_01307,user_0167,res_0009,2026-01-01,9
resv_01308,user_0095,res_0052,2026-07-23,1
resv_01309,user_0202,res_0072,2026-08-02,9
resv_01310,user_0402,res_0068,2024-09-27,2
resv_01311,user_0266,res_0075,2025-01-08,2
resv_01312,user_0386,res_0097,2023-03-01,2
resv_01313,user_0093,res_0077,2025-11-24,3
resv_01314,user_0003,res_0072,2024-07-04,6
resv_01315,user_0063,res_0006,2022-09-21,10
resv_01316,user_0106,res_0084,2022-11-27,2
resv_01317,user_0288,res_0033,2026-10-10,1
resv_01318,user_0044,res_0016,2024-11-02,5
resv_01319,user_0187,res_0070,2022-12-18,7
resv_01320,user_0484,res_0085,2022-01-01,4
resv_01321,user_0154,res_0006,2027-04-22,9
resv_01322,user_0464,res_0038,2025-09-11,9
resv_01323,user_0228,res_0018,2025-03-27,8
resv_01324,user_0356,res_0041,2024-12-06,6
resv_01325,user_0311,res_0069,2024-11-11,4
resv_01326,user_0353,res_0013,2025-09-19,1
resv_01327,user_0122,res_0005,2023-01-21,3
resv_01328,user_0154,res_0028,2027-05-15,3
resv_01329,user_0309,res_0071,2023-03-19,10
resv_01330,user_0184,res_0036,2022-09-21,10
resv_01331,user_0217,res_0010,2025-01-31,5
resv_01332,user_0134,res_0049,2025-08-23,3
resv_01333,user_0205,res_0059,2022-06-20,5
resv_01334,user_0347,res_0055,2027-04-10,3
resv_01335,user_0275,res_0027,2022-05-25,5
resv_01336,user_0325,res_0090,2025-08-15,4
resv_01337,user_0366,res_0048,2025-02-28,9
resv_01338,user_0310,res_0021,2024-05-09,3
resv_01339,user_0162,res_0056,2024-02-16,1
resv_01340,user_0494,res_0078,2023-05-22,2
resv_01341,user_0139,res_0016,2024-12-24,2
resv_01342,user_0351,res_0071,2024-04-13,2
resv_01343,user_0169,res_0082,2022-07-02,6
resv_01344,user_0466,res_0043,2026-05-13,5
resv_01345,user_0075,res_0029,2023-07-15,1
resv_01346,user_0051,res_0049,2027-06-08,4
resv_01347,user_0194,res_0014,2026-05-23,2
resv_01348,user_0090,res_0068,2026-01-31,5
resv_01349,user_0302,res_0063,2022-07-15,9
resv_01350,user_0179,res_0090,2025-03-17,5
resv_01351,user_0283,res_0035,2025-05-29,2
resv_01352,user_0460,res_0007,2022-12-16,6
resv_01353,user_0485,res_0097,2024-03-08,3
resv_01354,user_0177,res_0095,2025-10-20,9
resv_01355,user_0283,res_0077,2026-12-12,7
resv_01356,user_0245,res_0076,2022-09-19,5
resv_01357,user_0005,res_0088,2024-11-17,3
resv_01358,user_0337,res_0017,2022-10-20,7
resv_01359,user_0291,res_0095,2023-07-02,1
resv_01360,user_0471,res_0093,2025-08-02,6
resv_01361,user_0363,res_0100,2023-05-26,10
resv_01362,user_0215,res_0091,2024-07-26,3
resv_01363,user_0225,res_0046,2026-06-24,8
resv_01364,user_0258,res_0037,2023-07-19,7
resv_01365,user_0267,res_0092,2026-12-11,4
resv_01366,user_0157,res_0082,2026-10-24,2
resv_01367,user_0486,res_0040,2024-04-12,6
resv_01368,user_0433,res_0012,2025-07-23,2
resv_01369,user_0040,res_0094,2023-05-07,2
resv_01370,user_0085,res_0074,2022-04-28,2
resv_01371,user_0381,res_0037,2025-02-08,8
resv_01372,user_0414,res_0002,2027-05-25,7
resv_01373,user_0347,res_0066,2027-03-25,3
resv_01374,user_0246,res_0064,2024-11-20,9
resv_01375,user_0358,res_0016,2024-04-10,1
resv_01376,user_0316,res_0025,2027-02-09,1
resv_01377,user_0366,res_0055,2025-12-09,9
resv_01378,user_0384,res_0045,2023-05-16,9
resv_01379,user_0351,res_0078,2022-03-28,10
resv_01380,user_0230,res_0022,2025-10-13,9
resv_01381,user_0463,res_0029,2022-12-25,2
resv_01382,user_0188,res_0018,2024-11-18,6
resv_01383,user_0488,res_0007,2024-05-15,8
resv_01384,user_0195,res_0022,2024-02-04,2
resv_01385,user_0174,res_0087,2023-05-27,9
resv_01386,user_0436,res_0099,2026-10-23,2
resv_01387,user_0149,res_0039,2024-09-16,5
resv_01388,user_0136,res_0028,2022-01-05,10
resv_01389,user_0202,res_0028,2027-03-06,5
resv_01390,user_0476,res_0083,2024-11-21,1
resv_01391,user_0479,res_0060,2027-01-02,10
resv_01392,user_0435,res_0063,2022-04-28,6
resv_01393,user_0004,res_0079,2024-07-31,6
resv_01394,user_0153,res_0046,2022-08-08,1
resv_01395,user_0180,res_0093,2023-01-17,7
resv_01396,user_0182,res_0002,2022-07-27,7
resv_01397,user_0252,res_0026,2022-06-23,9
resv_01398,user_0264,res_0020,2024-04-21,2
resv_01399,user_0468,res_0063,2022-01-15,3
resv_01400,user_0394,res_0085,2023-05-28,4
resv_01401,user_0241,res_0051,2024-02-06,5
resv_01402,user_0187,res_0055,2027-01-02,3
resv_01403,user_0275,res_0035,2022-08-11,8
resv_01404,user_0337,res_0057,2022-11-28,3
resv_01405,user_0182,res_0096,2024-06-07,1
resv_01406,user_0184,res_0091,2023-02-11,2
resv_01407,user_0098,res_0037,2022-03-24,3
resv_01408,user_0203,res_0054,2026-03-04,6
resv_01409,user_0462,res_0005,2022-11-25,4
resv_01410,user_0486,res_0062,2027-05-20,5
resv_01411,user_0061,res_0054,2024-09-28,9
resv_01412,user_0254,res_0088,2026-01-02,3
resv_01413,user_0167,res_0097,2026-04-15,7
resv_01414,user_0257,res_0093,2027-03-07,7
resv_01415,user_0068,res_0015,2027-05-16,2
resv_01416,user_0406,res_0003,2022-09-16,3
resv_01417,user_0177,res_0065,2022-01-28,4
resv_01418,user_0027,res_0087,2026-08-27,6
resv_01419,user_0220,res_0077,2026-02-19,1
resv_01420,user_0223,res_0062,2023-08-16,5
resv_01421,user_0249,res_0011,2026-04-08,7
resv_01422,user_0127,res_0080,2022-11-09,9
resv_01423,user_0096,res_0032,2023-07-30,2
resv_01424,user_0443,res_0034,2025-12-06,4
resv_01425,user_0342,res_0055,2023-02-11,8
resv_01426,user_0362,res_0014,2025-12-06,9
resv_01427,user_0313,res_0024,2023-01-22,10
resv_01428,user_0323,res_0082,2022-11-01,4
resv_01429,user_0062,res_0017,2024-04-01,1
resv_01430,user_0141,res_0025,2027-03-18,3
resv_01431,user_0219,res_0003,2025-06-16,4
resv_01432,user_0047,res_0007,2024-02-18,7
resv_01433,user_0269,res_0040,2025-12-04,4
resv_01434,user_0114,res_0044,2024-05-22,8
resv_01435,user_0032,res_0066,2024-05-24,1
resv_01436,user_0156,res_0015,2023-07-06,6
resv_01437,user_0144,res_0045,2025-12-28,7
resv_01438,user_0127,res_0041,2027-01-08,1
resv_01439,user_0094,res_0006,2022-01-02,1
resv_01440,user_0339,res_0096,2023-10-21,4
resv_01441,user_0147,res_0061,2023-07-28,10
resv_01442,user_0052,res_0056,2023-01-14,5
resv_01443,user_0486,res_0063,2024-01-15,6
resv_01444,user_0156,res_0015,2022-07-18,1
resv_01445,user_0350,res_0071,2026-04-27,3
resv_01446,user_0170,res_0047,2026-02-27,6
resv_01447,user_0381,res_0100,2025-04-21,9
resv_01448,user_0310,res_0048,2023-05-03,5
resv_01449,user_0108,res_0075,2024-02-26,2
resv_01450,user_0455,res_0014,2022-09-25,10
resv_01451,user_0062,res_0006,2025-04-16,4
resv_01452,user_0099,res_0091,2024-07-01,2
resv_01453,user_0039,res_0070,2025-06-21,6
resv_01454,user_0155,res_0093,2024-08-29,4
resv_01455,user_0274,res_0093,2022-11-11,1
resv_01456,user_0066,res_0025,2024-05-06,9
resv_01457,user_0365,res_0033,2026-12-31,9
resv_01458,user_0500,res_0045,2027-01-07,6
resv_01459,user_0230,res_0081,2026-01-09,2
resv_01460,user_0467,res_0056,2022-05-19,8
resv_01461,user_0215,res_0068,2027-03-23,9
resv_01462,user_0405,res_0003,2022-12-08,10
resv_01463,user_0141,res_0090,2027-06-05,3
resv_01464,user_0149,res_0006,2027-05-12,10
resv_01465,user_0032,res_0089,2023-01-25,7
resv_01466,user_0254,res_0088,2024-12-26,9
resv_01467,user_0498,res_0010,2022-12-05,8
resv_01468,user_0385,res_0066,2024-02-26,9
resv_01469,user_0400,res_0050,2024-03-31,10
resv_01470,user_0140,res_0027,2023-01-12,1
resv_01471,user_0082,res_0074,2023-03-23,10
resv_01472,user_0357,res_0002,2026-12-06,9
resv_01473,user_0234,res_0065,2025-12-20,9
resv_01474,user_0133,res_0039,2026-10-12,4
resv_01475,user_0152,res_0091,2023-07-04,9
resv_01476,user_0061,res_0022,2023-04-04,1
resv_01477,user_0274,res_0031,2023-08-21,1
resv_01478,user_0328,res_0019,2027-04-14,5
resv_01479,user_0475,res_0018,2023-07-08,1
resv_01480,user_0329,res_0032,2026-08-14,4
resv_01481,user_0274,res_0015,2022-01-03,6
resv_01482,user_0324,res_0078,2027-06-15,6
resv_01483,user_0167,res_0011,2027-04-23,9
resv_01484,user_0136,res_0093,2022-10-01,7
resv_01485,user_0460,res_0079,2023-08-27,6
resv_01486,user_0030,res_0081,2026-07-30,1
resv_01487,user_0422,res_0046,2023-03-26,5
resv_01488,user_0091,res_0033,2027-06-13,1
resv_01489,user_0276,res_0085,2026-11-13,10
resv_01490,user_0055,res_0093,2026-03-08,7
resv_01491,user_0485,res_0084,2023-06-12,10
resv_01492,user_0283,res_0027,2026-07-31,8
resv_01493,user_0113,res_0042,2023-07-05,4
resv_01494,user_0298,res_0081,2026-07-13,7
resv_01495,user_0080,res_0058,2023-04-20,7
resv_01496,user_0189,res_0019,2027-01-22,8
resv_01497,user_0048,res_0064,2023-01-07,8
resv_01498,user_0095,res_0023,2023-01-22,10
resv_01499,user_0252,res_0094,2023-01-05,5
resv_01500,user_0011,res_0040,2022-11-30,3
resv_01501,user_0419,res_0051,2025-11-08,10
resv_01502,user_0097,res_0009,2022-10-21,2
resv_01503,user_0219,res_0032,2024-07-20,7
resv_01504,user_0052,res_0093,2024-12-14,3
resv_01505,user_0373,res_0097,2026-07-13,1
resv_01506,user_0309,res_0013,2024-02-13,7
resv_01507,user_0011,res_0015,2026-08-20,1
resv_01508,user_0391,res_0083,2027-03-30,1
resv_01509,user_0068,res_0032,2026-04-27,2
resv_01510,user_0138,res_0019,2027-04-07,10
resv_01511,user_0007,res_0002,2027-05-16,2
resv_01512,user_0278,res_0095,2026-08-03,6
resv_01513,user_0437,res_0091,2022-06-24,4
resv_01514,user_0072,res_0062,2026-04-05,10
resv_01515,user_0457,res_0057,2026-07-29,3
resv_01516,user_0158,res_0043,2024-09-07,3
resv_01517,user_0125,res_0008,2025-01-18,5
resv_01518,user_0322,res_0070,2022-09-10,1
resv_01519,user_0423,res_0006,2022-07-30,9
resv_01520,user_0152,res_0014,2024-11-13,7
resv_01521,user_0073,res_0001,2027-02-12,4
resv_01522,user_0013,res_0030,2024-05-24,7
resv_01523,user_0076,res_0046,2025-09-04,5
resv_01524,user_0116,res_0088,2024-02-27,2
resv_01525,user_0252,res_0022,2022-08-14,4
resv_01526,user_0053,res_0037,2024-01-02,2
resv_01527,user_0316,res_0043,2022-08-31,6
resv_01528,user_0473,res_0011,2027-01-09,1
resv_01529,user_0310,res_0020,2022-12-31,7
resv_01530,user_0272,res_0043,2025-05-13,3
resv_01531,user_0348,res_0055,2022-11-04,5
resv_01532,user_0320,res_0037,2023-12-15,2
resv_01533,user_0139,res_0064,2025-09-17,6
resv_01534,user_0478,res_0034,2026-07-19,2
resv_01535,user_0404,res_0001,2026-10-31,3
resv_01536,user_0399,res_0084,2022-10-28,6
resv_01537,user_0076,res_0050,2024-07-03,8
resv_01538,user_0418,res_0009,2022-08-20,10
resv_01539,user_0219,res_0094,2023-07-25,3
resv_01540,user_0047,res_0042,2022-09-19,3
resv_01541,user_0393,res_0050,2023-12-24,6
resv_01542,user_0254,res_0055,2024-09-12,7
resv_01543,user_0309,res_0082,2023-11-14,3
resv_01544,user_0411,res_0084,2027-03-03,4
resv_01545,user_0197,res_0054,2025-01-30,8
resv_01546,user_0276,res_0069,2024-10-05,9
resv_01547,user_0275,res_0030,2024-02-27,2
resv_01548,user_0298,res_0092,2024-05-13,9
resv_01549,user_0296,res_0100,2025-11-21,4
resv_01550,user_0360,res_0012,2023-04-27,6
resv_01551,user_0002,res_0027,2026-10-09,1
resv_01552,user_0186,res_0072,2024-08-28,3
resv_01553,user_0472,res_0015,2022-05-03,6
resv_01554,user_0185,res_0100,2026-08-05,3
resv_01555,user_0151,res_0059,2022-10-23,9
resv_01556,user_0498,res_0054,2023-05-12,4
resv_01557,user_0424,res_0029,2022-04-25,3
resv_01558,user_0061,res_0090,2025-12-12,3
resv_01559,user_0194,res_0094,2022-02-23,7
resv_01560,user_0191,res_0007,2025-12-07,2
resv_01561,user_0340,res_0075,2022-06-01,8
resv_01562,user_0429,res_0077,2026-11-18,3
resv_01563,user_0016,res_0019,2024-01-19,3
resv_01564,user_0041,res_0032,2022-06-07,1
resv_01565,user_0292,res_0054,2022-11-03,3
resv_01566,user_0241,res_0096,2022-10-14,9
resv_01567,user_0358,res_0039,2024-08-20,7
resv_01568,user_0370,res_0044,2024-06-28,1
resv_01569,user_0147,res_0015,2022-11-16,1
resv_01570,user_0452,res_0083,2022-03-07,10
resv_01571,user_0385,res_0023,2024-10-27,3
resv_01572,user_0006,res_0051,2026-09-02,7
resv_01573,user_0349,res_0059,2025-02-08,5
resv_01574,user_0471,res_0074,2024-10-24,5
resv_01575,user_0364,res_0030,2024-05-17,3
resv_01576,user_0140,res_0012,2024-12-04,7
resv_01577,user_0487,res_0017,2026-03-02,4
resv_01578,user_0206,res_0080,2022-04-25,4
resv_01579,user_0201,res_0024,2026-08-12,9
resv_01580,user_0310,res_0010,2026-07-31,8
resv_01581,user_0245,res_0041,2025-08-29,7
resv_01582,user_0424,res_0049,2022-12-04,1
resv_01583,user_0412,res_0048,2025-08-17,7
resv_01584,user_0100,res_0035,2022-08-11,2
resv_01585,user_0040,res_0047,2025-05-20,6
resv_01586,user_0015,res_0031,2023-08-01,3
resv_01587,user_0278,res_0014,2022-05-14,4
resv_01588,user_0306,res_0002,2026-03-30,5
resv_01589,user_0097,res_0071,2023-02-18,1
resv_01590,user_0124,res_0035,2022-06-24,10
resv_01591,user_0290,res_0006,2025-02-28,8
resv_01592,user_0024,res_0007,2023-10-07,2
resv_01593,user_0484,res_0040,2022-01-18,6
resv_01594,user_0385,res_0037,2027-05-18,7
resv_01595,user_0257,res_0025,2023-10-07,7
resv_01596,user_0372,res_0046,2027-06-18,3
resv_01597,user_0360,res_0087,2022-07-19,6
resv_01598,user_0209,res_0095,2024-10-28,2
resv_01599,user_0258,res_0100,2022-11-04,1
resv_01600,user_0301,res_0049,2024-09-03,10
resv_01601,user_0445,res_0005,2023-08-18,3
resv_01602,user_0078,res_0088,2024-08-06,2
resv_01603,user_0454,res_0081,2022-07-11,4
resv_01604,user_0453,res_0028,2026-07-12,3
resv_01605,user_0394,res_0092,2022-11-26,9
resv_01606,user_0265,res_0094,2025-05-31,9
resv_01607,user_0477,res_0099,2023-12-01,8
resv_01608,user_0403,res_0017,2023-11-26,5
resv_01609,user_0185,res_0080,2026-10-19,7
resv_01610,user_0021,res_0092,2026-05-05,7
resv_01611,user_0123,res_0027,2025-06-04,10
resv_01612,user_0039,res_0020,2025-03-07,8
resv_01613,user_0050,res_0002,2022-10-20,5
resv_01614,user_0281,res_0012,2024-10-18,2
resv_01615,user_0233,res_0041,2022-12-14,5
resv_01616,user_0083,res_0009,2023-07-28,10
resv_01617,user_0187,res_0046,2022-07-02,2
resv_01618,user_0092,res_0091,2026-04-30,8
resv_01619,user_0133,res_0061,2023-06-09,8
resv_01620,user_0333,res_0018,2027-04-09,2
resv_01621,user_0498,res_0073,2024-09-26,1
resv_01622,user_0187,res_0037,2024-04-01,7
resv_01623,user_0439,res_0080,2027-02-22,3
resv_01624,user_0226,res_0047,2024-11-15,10
resv_01625,user_0488,res_0041,2024-02-05,2
resv_01626,user_0350,res_0053,2024-11-02,8
resv_01627,user_0135,res_0088,2022-03-29,10
resv_01628,user_0330,res_0008,2026-02-26,4
resv_01629,user_0359,res_0072,2022-01-17,3
resv_01630,user_0437,res_0014,2023-08-19,7
resv_01631,user_0082,res_0073,2024-03-28,2
resv_01632,user_0115,res_0050,2026-11-26,8
resv_01633,user_0343,res_0012,2023-12-16,8
resv_01634,user_0240,res_0083,2024-12-31,8
resv_01635,user_0056,res_0011,2023-01-05,2
resv_01636,user_0470,res_0051,2026-04-23,7
resv_01637,user_0103,res_0052,2023-11-05,2
resv_01638,user_0163,res_0044,2025-05-22,8
resv_01639,user_0109,res_0090,2026-02-27,8
resv_01640,user_0059,res_0036,2024-07-19,1
resv_01641,user_0280,res_0020,2027-04-27,8
resv_01642,user_0075,res_0082,2023-03-14,6
resv_01643,user_0291,res_0005,2025-05-16,7
resv_01644,user_0032,res_0047,2026-06-06,7
resv_01645,user_0243,res_0028,2022-04-21,4
resv_01646,user_0445,res_0003,2027-05-06,7
resv_01647,user_0139,res_0033,2025-07-25,3
resv_01648,user_0043,res_0019,2022-05-22,5
resv_01649,user_0208,res_0011,2023-09-03,8
resv_01650,user_0447,res_0054,2024-12-10,4
resv_01651,user_0343,res_0034,2023-01-12,1
resv_01652,user_0048,res_0055,2023-12-02,5
resv_01653,user_0085,res_0026,2023-12-17,7
resv_01654,user_0247,res_0061,2025-01-01,3
resv_01655,user_0495,res_0090,2024-06-13,6
resv_01656,user_0468,res_0089,2025-03-14,7
resv_01657,user_0422,res_0002,2025-02-22,10
resv_01658,user_0102,res_0010,2026-01-20,10
resv_01659,user_0316,res_0019,2023-10-26,6
resv_01660,user_0008,res_0020,2027-01-11,8
resv_01661,user_0479,res_0019,2024-10-19,6
resv_01662,user_0059,res_0087,2024-04-12,5
resv_01663,user_0267,res_0093,2022-01-08,8
resv_01664,user_0483,res_0017,2025-07-23,8
resv_01665,user_0328,res_0075,2022-07-19,1
resv_01666,user_0112,res_0096,2023-01-20,7
resv_01667,user_0357,res_0070,2026-05-05,3
resv_01668,user_0308,res_0049,2023-03-19,6
resv_01669,user_0108,res_0025,2027-06-14,10
resv_01670,user_0490,res_0002,2024-01-29,6
resv_01671,user_0009,res_0039,2027-01-11,5
resv_01672,user_0258,res_0016,2025-12-03,8
resv_01673,user_0333,res_0059,2024-04-27,7
resv_01674,user_0181,res_0046,2026-08-24,9
resv_01675,user_0219,res_0067,2027-06-18,6
resv_01676,user_0059,res_0023,2024-07-28,7
resv_01677,user_0192,res_0023,2025-02-06,10
resv_01678,user_0084,res_0070,2024-06-11,7
resv_01679,user_0146,res_0085,2025-11-11,7
resv_01680,user_0325,res_0037,2025-12-08,10
resv_01681,user_0481,res_0013,2022-06-29,2
resv_01682,user_0046,res_0084,2022-02-03,10
resv_01683,user_0478,res_0053,2022-08-01,8
resv_01684,user_0384,res_0097,2025-07-01,9
resv_01685,user_0052,res_0082,2024-06-28,9
resv_01686,user_0298,res_0005,2025-09-29,5
resv_01687,user_0437,res_0054,2023-03-10,4
resv_01688,user_0398,res_0059,2025-02-03,7
resv_01689,user_0059,res_0026,2026-10-20,8
resv_01690,user_0487,res_0016,2023-12-20,8
resv_01691,user_0212,res_0083,2025-12-12,7
resv_01692,user_0004,res_0048,2026-05-21,4
resv_01693,user_0260,res_0037,2023-07-03,5
resv_01694,user_0158,res_0054,2025-10-10,4
resv_01695,user_0003,res_0054,2022-03-08,1
resv_01696,user_0014,res_0020,2026-06-07,6
resv_01697,user_0431,res_0067,2026-08-07,10
resv_01698,user_0163,res_0043,2022-12-16,10
resv_01699,user_0221,res_0031,2025-02-12,7
resv_01700,user_0099,res_0079,2025-08-12,7
resv_01701,user_0425,res_0007,2026-06-30,10
resv_01702,user_0220,res_0017,2027-04-08,7
resv_01703,user_0373,res_0023,2024-04-05,6
resv_01704,user_0265,res_0021,2024-06-14,4
resv_01705,user_0051,res_0091,2026-06-29,3
resv_01706,user_0259,res_0016,2025-07-17,10
resv_01707,user_0402,res_0051,2026-09-23,5
resv_01708,user_0429,res_0071,2022-11-22,6
resv_01709,user_0105,res_0012,2022-07-11,1
resv_01710,user_0224,res_0002,2025-07-11,10
resv_01711,user_0079,res_0004,2025-06-19,9
resv_01712,user_0472,res_0011,2025-03-17,7
resv_01713,user_0013,res_0096,2026-02-12,3
resv_01714,user_0233,res_0082,2025-07-17,6
resv_01715,user_0096,res_0031,2025-08-29,4
resv_01716,user_0153,res_0025,2025-01-01,4
resv_01717,user_0372,res_0100,2026-07-11,7
resv_01718,user_0395,res_0034,2025-09-12,1
resv_01719,user_0141,res_0011,2027-03-30,3
resv_01720,user_0322,res_0003,2025-07-31,10
resv_01721,user_0444,res_0014,2022-08-16,8
resv_01722,user_0475,res_0077,2022-09-09,2
resv_01723,user_0073,res_0037,2023-06-21,3
resv_01724,user_0048,res_0010,2024-10-09,6
resv_01725,user_0468,res_0027,2024-03-11,2
resv_01726,user_0252,res_0003,2024-04-27,2
resv_01727,user_0250,res_0081,2022-06-06,4
resv_01728,user_0352,res_0054,2024-02-08,6
resv_01729,user_0325,res_0058,2026-07-14,3
resv_01730,user_0093,res_0039,2022-01-21,3
resv_01731,user_0338,res_0073,2025-07-16,10
resv_01732,user_0438,res_0005,2022-08-29,6
resv_01733,user_0178,res_0062,2025-06-11,10
resv_01734,user_0280,res_0001,2022-11-21,9
resv_01735,user_0380,res_0033,2027-03-13,2
resv_01736,user_0099,res_0078,2022-03-02,9
resv_01737,user_0012,res_0067,2024-11-14,3
resv_01738,user_0111,res_0047,2022-08-24,4
resv_01739,user_0016,res_0042,2022-10-11,4
resv_01740,user_0043,res_0094,2025-11-17,3
resv_01741,user_0138,res_0036,2024-09-13,4
resv_01742,user_0489,res_0012,2023-12-15,9
resv_01743,user_0334,res_0038,2024-08-14,8
resv_01744,user_0224,res_0066,2027-04-23,7
resv_01745,user_0473,res_0025,2023-05-28,3
resv_01746,user_0102,res_0088,2026-09-29,5
resv_01747,user_0493,res_0051,2022-07-30,10
resv_01748,user_0407,res_0099,2025-04-18,5
resv_01749,user_0085,res_0027,2027-05-08,8
resv_01750,user_0222,res_0058,2024-05-17,10
resv_01751,user_0383,res_0035,2026-07-29,6
resv_01752,user_0319,res_0014,2025-05-28,7
resv_01753,user_0220,res_0026,2025-03-07,6
resv_01754,user_0192,res_0081,2026-08-06,2
resv_01755,user_0231,res_0022,2026-12-27,1
resv_01756,user_0491,res_0066,2023-06-03,10
resv_01757,user_0210,res_0038,2025-05-21,9
resv_01758,user_0181,res_0051,2022-03-03,2
resv_01759,user_0093,res_0042,2024-05-29,3
resv_01760,user_0184,res_0032,2022-05-29,4
resv_01761,user_0337,res_0048,2024-02-01,3
resv_01762,user_0400,res_0041,2022-09-08,1
resv_01763,user_0164,res_0089,2022-01-23,6
resv_01764,user_0110,res_0060,2025-03-08,6
resv_01765,user_0461,res_0030,2025-02-24,2
resv_01766,user_0198,res_0037,2025-05-17,4
resv_01767,user_0270,res_0028,2022-07-30,9
resv_01768,user_0143,res_0092,2025-05-29,2
resv_01769,user_0294,res_0083,2024-05-13,7
resv_01770,user_0163,res_0041,2023-02-10,4
resv_01771,user_0026,res_0064,2024-10-18,1
resv_01772,user_0141,res_0054,2022-09-02,2
resv_01773,user_0232,res_0022,2025-05-16,6
resv_01774,user_0303,res_0050,2023-04-30,10
resv_01775,user_0011,res_0037,2022-02-06,10
resv_01776,user_0003,res_0060,2023-08-06,3
resv_01777,user_0431,res_0052,2022-03-17,9
resv_01778,user_0471,res_0068,2022-03-22,6
resv_01779,user_0331,res_0003,2022-05-23,8
resv_01780,user_0049,res_0054,2026-01-21,5
resv_01781,user_0141,res_0041,2026-03-24,6
resv_01782,user_0205,res_0011,2025-02-13,6
resv_01783,user_0253,res_0079,2022-04-07,7
resv_01784,user_0153,res_0090,2024-07-19,8
resv_01785,user_0435,res_0083,2027-06-04,2
resv_01786,user_0432,res_0048,2027-04-05,10
resv_01787,user_0053,res_0004,2023-04-04,1
resv_01788,user_0423,res_0002,2022-10-12,2
resv_01789,user_0166,res_0089,2026-01-23,7
resv_01790,user_0116,res_0022,2022-06-30,4
resv_01791,user_0371,res_0048,2026-07-30,9
resv_01792,user_0003,res_0089,2026-11-13,1
resv_01793,user_0133,res_0006,2022-08-15,1
resv_01794,user_0485,res_0039,2022-06-03,5
resv_01795,user_0169,res_0089,2025-06-08,7
resv_01796,user_0139,res_0090,2022-12-15,3
resv_01797,user_0299,res_0059,2022-09-03,3
resv_01798,user_0164,res_0019,2026-03-23,10
resv_01799,user_0455,res_0053,2025-07-28,8
resv_01800,user_0343,res_0016,2024-12-04,9
resv_01801,user_0124,res_0074,2024-09-05,8
resv_01802,user_0500,res_0036,2023-10-22,8
resv_01803,user_0116,res_0012,2023-06-25,5
resv_01804,user_0365,res_0011,2023-12-24,9
resv_01805,user_0428,res_0032,2025-09-12,4
resv_01806,user_0356,res_0010,2022-06-03,8
resv_01807,user_0031,res_0028,2022-01-27,4
resv_01808,user_0240,res_0050,2023-01-20,8
resv_01809,user_0054,res_0044,2023-03-04,10
resv_01810,user_0390,res_0068,2024-11-18,6
resv_01811,user_0390,res_0040,2025-12-22,8
resv_01812,user_0336,res_0020,2026-10-03,9
resv_01813,user_0055,res_0017,2023-03-25,6
resv_01814,user_0198,res_0058,2026-11-13,10
resv_01815,user_0263,res_0026,2026-05-17,7
resv_01816,user_0097,res_0009,2023-07-24,7
resv_01817,user_0085,res_0088,2023-09-22,10
resv_01818,user_0332,res_0014,2022-10-29,8
resv_01819,user_0449,res_0014,2026-03-06,2
resv_01820,user_0124,res_0003,2027-01-06,8
resv_01821,user_0096,res_0035,2022-02-28,8
resv_01822,user_0339,res_0068,2024-07-16,6
resv_01823,user_0136,res_0016,2027-03-14,9
resv_01824,user_0044,res_0046,2024-06-02,4
resv_01825,user_0078,res_0051,2024-10-25,7
resv_01826,user_0261,res_0043,2022-04-19,8
resv_01827,user_0140,res_0048,2022-07-20,1
resv_01828,user_0333,res_0049,2026-02-08,7
resv_01829,user_0100,res_0038,2023-01-23,7
resv_01830,user_0091,res_0077,2023-07-20,9
resv_01831,user_0312,res_0064,2024-11-28,7
resv_01832,user_0056,res_0088,2022-04-13,4
resv_01833,user_0491,res_0015,2023-03-26,2
resv_01834,user_0028,res_0005,2025-03-24,5
resv_01835,user_0123,res_0009,2024-12-25,2
resv_01836,user_0142,res_0029,2026-12-13,10
resv_01837,user_0359,res_0092,2024-04-08,7
resv_01838,user_0202,res_0013,2023-03-27,5
resv_01839,user_0254,res_0027,2022-12-17,4
resv_01840,user_0178,res_0082,2023-08-13,10
resv_01841,user_0148,res_0094,2022-01-07,2
resv_01842,user_0095,res_0065,2027-02-03,10
resv_01843,user_0245,res_0095,2023-09-18,4
resv_01844,user_0088,res_0041,2025-10-27,2
resv_01845,user_0086,res_0024,2023-11-12,8
resv_01846,user_0073,res_0002,2025-09-26,8
resv_01847,user_0220,res_0043,2022-02-12,3
resv_01848,user_0499,res_0034,2026-12-10,2
resv_01849,user_0088,res_0087,2026-04-07,1
resv_01850,user_0305,res_0046,2027-06-09,8
resv_01851,user_0299,res_0001,2024-09-27,4
resv_01852,user_0242,res_0015,2022-04-03,1
resv_01853,user_0291,res_0088,2023-08-19,4
resv_01854,user_0269,res_0065,2022-12-09,3
resv_01855,user_0397,res_0013,2022-07-24,5
resv_01856,user_0412,res_0095,2023-11-19,8
resv_01857,user_0252,res_0095,2023-12-20,9
resv_01858,user_0132,res_0085,2024-09-23,5
resv_01859,user_0187,res_0059,2022-01-28,6
resv_01860,user_0155,res_0091,2023-11-15,9
resv_01861,user_0397,res_0085,2026-10-22,10
resv_01862,user_0248,res_0015,2023-07-07,9
resv_01863,user_0373,res_0082,2022-02-12,3
resv_01864,user_0211,res_0029,2025-09-12,3
resv_01865,user_0183,res_0064,2022-03-05,4
resv_01866,user_0296,res_0095,2025-11-26,7
resv_01867,user_0185,res_0027,2026-03-05,2
resv_01868,user_0100,res_0049,2025-08-01,2
resv_01869,user_0495,res_0036,2026-12-02,9
resv_01870,user_0461,res_0058,2027-05-17,9
resv_01871,user_0090,res_0034,2027-02-08,6
resv_01872,user_0455,res_0043,2024-03-11,10
resv_01873,user_0214,res_0036,2023-09-26,4
resv_01874,user_0022,res_0075,2024-12-01,6
resv_01875,user_0428,res_0079,2022-09-09,7
resv_01876,user_0408,res_0059,2025-03-06,6
resv_01877,user_0148,res_0015,2027-06-09,1
resv_01878,user_0256,res_0088,2022-10-29,8
resv_01879,user_0349,res_0020,2024-12-07,5
resv_01880,user_0320,res_0072,2025-09-22,3
resv_01881,user_0156,res_0063,2023-08-14,2
resv_01882,user_0410,res_0038,2022-02-01,8
resv_01883,user_0021,res_0028,2023-08-03,10
resv_01884,user_0064,res_0007,2024-09-27,5
resv_01885,user_0003,res_0056,2023-12-23,1
resv_01886,user_0026,res_0033,2022-10-10,6
resv_01887,user_0450,res_0037,2026-05-28,9
resv_01888,user_0341,res_0099,2025-02-22,3
resv_01889,user_0489,res_0012,2025-12-31,5
resv_01890,user_0074,res_0094,2023-02-07,7
resv_01891,user_0300,res_0011,2023-08-19,4
resv_01892,user_0017,res_0061,2027-03-26,6
resv_01893,user_0128,res_0087,2025-07-28,7
resv_01894,user_0217,res_0052,2027-06-04,2
resv_01895,user_0458,res_0034,2027-02-28,5
resv_01896,user_0306,res_0040,2022-12-21,10
resv_01897,user_0224,res_0087,2026-11-29,6
resv_01898,user_0412,res_0075,2022-10-13,4
resv_01899,user_0129,res_0018,2024-05-02,9
resv_01900,user_0103,res_0039,2023-09-17,2
resv_01901,user_0153,res_0073,2027-03-14,8
resv_01902,user_0280,res_0024,2024-02-09,7
resv_01903,user_0050,res_0018,2024-12-14,8
resv_01904,user_0356,res_0041,2024-10-28,6
resv_01905,user_0240,res_0046,2024-05-25,8
resv_01906,user_0216,res_0053,2024-08-02,1
resv_01907,user_0468,res_0072,2022-02-24,7
resv_01908,user_0046,res_0097,2022-10-15,10
resv_01909,user_0465,res_0039,2026-05-31,4
resv_01910,user_0298,res_0066,2024-02-04,3
resv_01911,user_0318,res_0070,2027-01-18,10
resv_01912,user_0450,res_0038,2022-04-20,7
resv_01913,user_0065,res_0052,2025-10-04,1
resv_01914,user_0237,res_0098,2026-11-27,9
resv_01915,user_0236,res_0007,2022-06-23,1
resv_01916,user_0139,res_0084,2022-08-08,6
resv_01917,user_0305,res_0013,2026-08-11,5
resv_01918,user_0290,res_0062,2025-11-15,6
resv_01919,user_0443,res_0008,2022-09-06,10
resv_01920,user_0346,res_0066,2026-02-23,1
resv_01921,user_0360,res_0027,2024-11-23,3
resv_01922,user_0288,res_0095,2027-06-04,8
resv_01923,user_0070,res_0029,2027-01-08,3
resv_01924,user_0155,res_0081,2023-09-29,1
resv_01925,user_0413,res_0063,2025-07-01,4
resv_01926,user_0059,res_0009,2022-01-01,3
resv_01927,user_0310,res_0016,2024-11-30,2
resv_01928,user_0127,res_0027,2022-08-01,8
resv_01929,user_0013,res_0065,2024-06-27,7
resv_01930,user_0029,res_0016,2023-09-07,7
resv_01931,user_0248,res_0024,2026-08-07,4
resv_01932,user_0431,res_0070,2023-06-18,10
resv_01933,user_0349,res_0057,2026-10-26,10
resv_01934,user_0064,res_0056,2022-10-27,1
resv_01935,user_0095,res_0019,2026-08-04,4
resv_01936,user_0088,res_0066,2026-02-27,9
resv_01937,user_0103,res_0061,2024-09-10,5
resv_01938,user_0149,res_0086,2022-07-24,10
resv_01939,user_0253,res_0048,2025-09-29,5
resv_01940,user_0201,res_0050,2025-11-29,2
resv_01941,user_0238,res_0054,2026-07-25,7
resv_01942,user_0076,res_0004,2023-08-04,8
resv_01943,user_0062,res_0073,2024-03-08,1
resv_01944,user_0298,res_0039,2022-03-11,10
resv_01945,user_0228,res_0006,2027-02-03,6
resv_01946,user_0493,res_0018,2024-08-16,8
resv_01947,user_0142,res_0002,2022-11-21,6
resv_01948,user_0257,res_0065,2023-03-08,6
resv_01949,user_0463,res_0091,2024-12-11,7
resv_01950,user_0263,res_0009,2022-12-24,3
resv_01951,user_0181,res_0084,2026-01-12,10
resv_01952,user_0174,res_0059,2026-01-04,3
resv_01953,user_0143,res_0098,2025-09-10,5
resv_01954,user_0473,res_0051,2022-05-20,8
resv_01955,user_0193,res_0061,2025-05-25,3
resv_01956,user_0295,res_0091,2027-03-15,9
resv_01957,user_0398,res_0085,2024-12-12,5
resv_01958,user_0067,res_0090,2023-10-26,10
resv_01959,user_0490,res_0075,2023-12-14,10
resv_01960,user_0317,res_0052,2022-05-19,1
resv_01961,user_0016,res_0094,2022-11-22,4
resv_01962,user_0050,res_0086,2022-08-06,8
resv_01963,user_0479,res_0087,2024-09-02,6
resv_01964,user_0390,res_0030,2026-04-30,4
resv_01965,user_0054,res_0023,2026-01-31,7
resv_01966,user_0387,res_0054,2027-03-05,2
resv_01967,user_0032,res_0079,2023-05-28,2
resv_01968,user_0020,res_0096,2022-05-30,8
resv_01969,user_0391,res_0048,2025-05-27,1
resv_01970,user_0473,res_0023,2023-10-20,2
resv_01971,user_0358,res_0058,2024-02-13,3
resv_01972,user_0327,res_0074,2025-02-13,4
resv_01973,user_0101,res_0033,2024-10-02,8
resv_01974,user_0348,res_0037,2023-04-07,4
resv_01975,user_0380,res_0021,2024-06-07,9
resv_01976,user_0415,res_0025,2022-06-26,10
resv_01977,user_0013,res_0081,2027-05-20,2
resv_01978,user_0105,res_0005,2026-07-17,3
resv_01979,user_0458,res_0001,2024-01-07,7
resv_01980,user_0291,res_0070,2026-11-06,2
resv_01981,user_0175,res_0024,2025-10-29,9
resv_01982,user_0255,res_0025,2026-09-01,4
resv_01983,user_0293,res_0061,2024-10-22,6
resv_01984,user_0183,res_0080,2027-01-17,9
resv_01985,user_0437,res_0018,2026-06-30,2
resv_01986,user_0225,res_0055,2025-07-04,7
resv_01987,user_0448,res_0010,2025-03-11,2
resv_01988,user_0066,res_0067,2023-09-03,2
resv_01989,user_0061,res_0064,2023-04-18,1
resv_01990,user_0308,res_0070,2023-11-09,1
resv_01991,user_0115,res_0038,2027-03-04,5
resv_01992,user_0200,res_0091,2024-01-03,2
resv_01993,user_0447,res_0021,2027-06-06,5
resv_01994,user_0039,res_0069,2025-03-24,4
resv_01995,user_0437,res_0067,2027-03-24,10
resv_01996,user_0257,res_0040,2024-03-28,10
resv_01997,user_0030,res_0070,2025-11-29,2
resv_01998,user_0299,res_0061,2027-04-03,5
resv_01999,user_0335,res_0004,2022-03-08,6
resv_02000,user_0216,res_0034,2023-02-15,6
