desde_tipo,desde_id,relacion,hasta_tipo,hasta_id
Repartidor,55,ENTREGA,Pedido,1
Repartidor,5,ENTREGA,Pedido,2
Repartidor,97,ENTREGA,Pedido,3
Repartidor,25,ENTREGA,Pedido,4
Repartidor,43,ENTREGA,Pedido,5
Repartidor,48,ENTREGA,Pedido,6
Repartidor,28,ENTREGA,Pedido,7
Repartidor,16,ENTREGA,Pedido,8
Repartidor,52,ENTREGA,Pedido,9
Repartidor,98,ENTREGA,Pedido,10
Repartidor,50,ENTREGA,Pedido,11
Repartidor,20,ENTREGA,Pedido,12
Repartidor,80,ENTREGA,Pedido,13
Repartidor,10,ENTREGA,Pedido,14
Repartidor,78,ENTREGA,Pedido,15
Repartidor,36,ENTREGA,Pedido,16
Repartidor,32,ENTREGA,Pedido,17
Repartidor,17,ENTREGA,Pedido,18
Repartidor,70,ENTREGA,Pedido,19
Repartidor,97,ENTREGA,Pedido,20
Repartidor,55,ENTREGA,Pedido,21
Repartidor,60,ENTREGA,Pedido,22
Repartidor,63,ENTREGA,Pedido,23
Repartidor,75,ENTREGA,Pedido,24
Repartidor,22,ENTREGA,Pedido,25
Repartidor,13,ENTREGA,Pedido,26
Repartidor,34,ENTREGA,Pedido,27
Repartidor,5,ENTREGA,Pedido,28
Repartidor,59,ENTREGA,Pedido,29
Repartidor,3,ENTREGA,Pedido,30
Repartidor,20,ENTREGA,Pedido,31
Repartidor,19,ENTREGA,Pedido,32
Repartidor,20,ENTREGA,Pedido,33
Repartidor,6,ENTREGA,Pedido,34
Repartidor,35,ENTREGA,Pedido,35
Repartidor,29,ENTREGA,Pedido,36
Repartidor,47,ENTREGA,Pedido,37
Repartidor,57,ENTREGA,Pedido,38
Repartidor,1,ENTREGA,Pedido,39
Repartidor,90,ENTREGA,Pedido,40
Repartidor,59,ENTREGA,Pedido,41
Repartidor,48,ENTREGA,Pedido,42
Repartidor,14,ENTREGA,Pedido,43
Repartidor,62,ENTREGA,Pedido,44
Repartidor,64,ENTREGA,Pedido,45
Repartidor,39,ENTREGA,Pedido,46
Repartidor,61,ENTREGA,Pedido,47
Repartidor,3,ENTREGA,Pedido,48
Repartidor,45,ENTREGA,Pedido,49
Repartidor,60,ENTREGA,Pedido,50
Repartidor,9,ENTREGA,Pedido,51
Repartidor,7,ENTREGA,Pedido,52
Repartidor,47,ENTREGA,Pedido,53
Repartidor,31,ENTREGA,Pedido,54
Repartidor,74,ENTREGA,Pedido,55
Repartidor,32,ENTREGA,Pedido,56
Repartidor,77,ENTREGA,Pedido,57
Repartidor,92,ENTREGA,Pedido,58
Repartidor,12,ENTREGA,Pedido,59
Repartidor,43,ENTREGA,Pedido,60
Repartidor,34,ENTREGA,Pedido,61
Repartidor,47,ENTREGA,Pedido,62
Repartidor,61,ENTREGA,Pedido,63
Repartidor,70,ENTREGA,Pedido,64
Repartidor,19,ENTREGA,Pedido,65
Repartidor,84,ENTREGA,Pedido,66
Repartidor,4,ENTREGA,Pedido,67
Repartidor,91,ENTREGA,Pedido,68
Repartidor,2,ENTREGA,Pedido,69
Repartidor,53,ENTREGA,Pedido,70
Repartidor,66,ENTREGA,Pedido,71
Repartidor,75,ENTREGA,Pedido,72
Repartidor,5,ENTREGA,Pedido,73
Repartidor,41,ENTREGA,Pedido,74
Repartidor,60,ENTREGA,Pedido,75
Repartidor,84,ENTREGA,Pedido,76
Repartidor,28,ENTREGA,Pedido,77
Repartidor,23,ENTREGA,Pedido,78
Repartidor,2,ENTREGA,Pedido,79
Repartidor,20,ENTREGA,Pedido,80
Repartidor,74,ENTREGA,Pedido,81
Repartidor,38,ENTREGA,Pedido,82
Repartidor,3,ENTREGA,Pedido,83
Repartidor,61,ENTREGA,Pedido,84
Repartidor,9,ENTREGA,Pedido,85
Repartidor,8,ENTREGA,Pedido,86
Repartidor,35,ENTREGA,Pedido,87
Repartidor,37,ENTREGA,Pedido,88
Repartidor,43,ENTREGA,Pedido,89
Repartidor,28,ENTREGA,Pedido,90
Repartidor,23,ENTREGA,Pedido,91
Repartidor,1,ENTREGA,Pedido,92
Repartidor,57,ENTREGA,Pedido,93
Repartidor,76,ENTREGA,Pedido,94
Repartidor,52,ENTREGA,Pedido,95
Repartidor,14,ENTREGA,Pedido,96
Repartidor,26,ENTREGA,Pedido,97
Repartidor,72,ENTREGA,Pedido,98
Repartidor,10,ENTREGA,Pedido,99
Repartidor,82,ENTREGA,Pedido,100
Repartidor,99,ENTREGA,Pedido,101
Repartidor,82,ENTREGA,Pedido,102
Repartidor,74,ENTREGA,Pedido,103
Repartidor,2,ENTREGA,Pedido,104
Repartidor,80,ENTREGA,Pedido,105
Repartidor,73,ENTREGA,Pedido,106
Repartidor,73,ENTREGA,Pedido,107
Repartidor,72,ENTREGA,Pedido,108
Repartidor,94,ENTREGA,Pedido,109
Repartidor,100,ENTREGA,Pedido,110
Repartidor,13,ENTREGA,Pedido,111
Repartidor,73,ENTREGA,Pedido,112
Repartidor,22,ENTREGA,Pedido,113
Repartidor,60,ENTREGA,Pedido,114
Repartidor,26,ENTREGA,Pedido,115
Repartidor,2,ENTREGA,Pedido,116
Repartidor,14,ENTREGA,Pedido,117
Repartidor,61,ENTREGA,Pedido,118
Repartidor,71,ENTREGA,Pedido,119
Repartidor,19,ENTREGA,Pedido,120
Repartidor,23,ENTREGA,Pedido,121
Repartidor,80,ENTREGA,Pedido,122
Repartidor,62,ENTREGA,Pedido,123
Repartidor,46,ENTREGA,Pedido,124
Repartidor,79,ENTREGA,Pedido,125
Repartidor,61,ENTREGA,Pedido,126
Repartidor,78,ENTREGA,Pedido,127
Repartidor,27,ENTREGA,Pedido,128
Repartidor,54,ENTREGA,Pedido,129
Repartidor,85,ENTREGA,Pedido,130
Repartidor,95,ENTREGA,Pedido,131
Repartidor,96,ENTREGA,Pedido,132
Repartidor,89,ENTREGA,Pedido,133
Repartidor,66,ENTREGA,Pedido,134
Repartidor,34,ENTREGA,Pedido,135
Repartidor,100,ENTREGA,Pedido,136
Repartidor,22,ENTREGA,Pedido,137
Repartidor,7,ENTREGA,Pedido,138
Repartidor,38,ENTREGA,Pedido,139
Repartidor,4,ENTREGA,Pedido,140
Repartidor,83,ENTREGA,Pedido,141
Repartidor,61,ENTREGA,Pedido,142
Repartidor,83,ENTREGA,Pedido,143
Repartidor,25,ENTREGA,Pedido,144
Repartidor,26,ENTREGA,Pedido,145
Repartidor,11,ENTREGA,Pedido,146
Repartidor,25,ENTREGA,Pedido,147
Repartidor,14,ENTREGA,Pedido,148
Repartidor,8,ENTREGA,Pedido,149
Repartidor,80,ENTREGA,Pedido,150
Repartidor,36,ENTREGA,Pedido,151
Repartidor,77,ENTREGA,Pedido,152
Repartidor,62,ENTREGA,Pedido,153
Repartidor,33,ENTREGA,Pedido,154
Repartidor,70,ENTREGA,Pedido,155
Repartidor,84,ENTREGA,Pedido,156
Repartidor,64,ENTREGA,Pedido,157
Repartidor,62,ENTREGA,Pedido,158
Repartidor,54,ENTREGA,Pedido,159
Repartidor,50,ENTREGA,Pedido,160
Repartidor,37,ENTREGA,Pedido,161
Repartidor,24,ENTREGA,Pedido,162
Repartidor,6,ENTREGA,Pedido,163
Repartidor,26,ENTREGA,Pedido,164
Repartidor,82,ENTREGA,Pedido,165
Repartidor,54,ENTREGA,Pedido,166
Repartidor,77,ENTREGA,Pedido,167
Repartidor,18,ENTREGA,Pedido,168
Repartidor,17,ENTREGA,Pedido,169
Repartidor,91,ENTREGA,Pedido,170
Repartidor,65,ENTREGA,Pedido,171
Repartidor,66,ENTREGA,Pedido,172
Repartidor,15,ENTREGA,Pedido,173
Repartidor,37,ENTREGA,Pedido,174
Repartidor,44,ENTREGA,Pedido,175
Repartidor,10,ENTREGA,Pedido,176
Repartidor,67,ENTREGA,Pedido,177
Repartidor,72,ENTREGA,Pedido,178
Repartidor,21,ENTREGA,Pedido,179
Repartidor,30,ENTREGA,Pedido,180
Repartidor,5,ENTREGA,Pedido,181
Repartidor,49,ENTREGA,Pedido,182
Repartidor,35,ENTREGA,Pedido,183
Repartidor,94,ENTREGA,Pedido,184
Repartidor,50,ENTREGA,Pedido,185
Repartidor,23,ENTREGA,Pedido,186
Repartidor,83,ENTREGA,Pedido,187
Repartidor,45,ENTREGA,Pedido,188
Repartidor,97,ENTREGA,Pedido,189
Repartidor,88,ENTREGA,Pedido,190
Repartidor,9,ENTREGA,Pedido,191
Repartidor,49,ENTREGA,Pedido,192
Repartidor,85,ENTREGA,Pedido,193
Repartidor,25,ENTREGA,Pedido,194
Repartidor,20,ENTREGA,Pedido,195
Repartidor,41,ENTREGA,Pedido,196
Repartidor,75,ENTREGA,Pedido,197
Repartidor,19,ENTREGA,Pedido,198
Repartidor,31,ENTREGA,Pedido,199
Repartidor,7,ENTREGA,Pedido,200
Repartidor,84,ENTREGA,Pedido,201
Repartidor,41,ENTREGA,Pedido,202
Repartidor,57,ENTREGA,Pedido,203
Repartidor,70,ENTREGA,Pedido,204
Repartidor,81,ENTREGA,Pedido,205
Repartidor,1,ENTREGA,Pedido,206
Repartidor,31,ENTREGA,Pedido,207
Repartidor,52,ENTREGA,Pedido,208
Repartidor,30,ENTREGA,Pedido,209
Repartidor,95,ENTREGA,Pedido,210
Repartidor,40,ENTREGA,Pedido,211
Repartidor,11,ENTREGA,Pedido,212
Repartidor,85,ENTREGA,Pedido,213
Repartidor,85,ENTREGA,Pedido,214
Repartidor,85,ENTREGA,Pedido,215
Repartidor,5,ENTREGA,Pedido,216
Repartidor,87,ENTREGA,Pedido,217
Repartidor,87,ENTREGA,Pedido,218
Repartidor,6,ENTREGA,Pedido,219
Repartidor,27,ENTREGA,Pedido,220
Repartidor,40,ENTREGA,Pedido,221
Repartidor,69,ENTREGA,Pedido,222
Repartidor,91,ENTREGA,Pedido,223
Repartidor,97,ENTREGA,Pedido,224
Repartidor,48,ENTREGA,Pedido,225
Repartidor,31,ENTREGA,Pedido,226
Repartidor,64,ENTREGA,Pedido,227
Repartidor,51,ENTREGA,Pedido,228
Repartidor,87,ENTREGA,Pedido,229
Repartidor,35,ENTREGA,Pedido,230
Repartidor,36,ENTREGA,Pedido,231
Repartidor,51,ENTREGA,Pedido,232
Repartidor,27,ENTREGA,Pedido,233
Repartidor,9,ENTREGA,Pedido,234
Repartidor,71,ENTREGA,Pedido,235
Repartidor,81,ENTREGA,Pedido,236
Repartidor,35,ENTREGA,Pedido,237
Repartidor,20,ENTREGA,Pedido,238
Repartidor,14,ENTREGA,Pedido,239
Repartidor,48,ENTREGA,Pedido,240
Repartidor,91,ENTREGA,Pedido,241
Repartidor,48,ENTREGA,Pedido,242
Repartidor,25,ENTREGA,Pedido,243
Repartidor,25,ENTREGA,Pedido,244
Repartidor,33,ENTREGA,Pedido,245
Repartidor,3,ENTREGA,Pedido,246
Repartidor,7,ENTREGA,Pedido,247
Repartidor,96,ENTREGA,Pedido,248
Repartidor,44,ENTREGA,Pedido,249
Repartidor,43,ENTREGA,Pedido,250
Repartidor,57,ENTREGA,Pedido,251
Repartidor,98,ENTREGA,Pedido,252
Repartidor,37,ENTREGA,Pedido,253
Repartidor,61,ENTREGA,Pedido,254
Repartidor,8,ENTREGA,Pedido,255
Repartidor,12,ENTREGA,Pedido,256
Repartidor,72,ENTREGA,Pedido,257
Repartidor,93,ENTREGA,Pedido,258
Repartidor,11,ENTREGA,Pedido,259
Repartidor,96,ENTREGA,Pedido,260
Repartidor,16,ENTREGA,Pedido,261
Repartidor,74,ENTREGA,Pedido,262
Repartidor,71,ENTREGA,Pedido,263
Repartidor,84,ENTREGA,Pedido,264
Repartidor,86,ENTREGA,Pedido,265
Repartidor,75,ENTREGA,Pedido,266
Repartidor,86,ENTREGA,Pedido,267
Repartidor,75,ENTREGA,Pedido,268
Repartidor,26,ENTREGA,Pedido,269
Repartidor,22,ENTREGA,Pedido,270
Repartidor,69,ENTREGA,Pedido,271
Repartidor,56,ENTREGA,Pedido,272
Repartidor,94,ENTREGA,Pedido,273
Repartidor,72,ENTREGA,Pedido,274
Repartidor,6,ENTREGA,Pedido,275
Repartidor,81,ENTREGA,Pedido,276
Repartidor,24,ENTREGA,Pedido,277
Repartidor,66,ENTREGA,Pedido,278
Repartidor,59,ENTREGA,Pedido,279
Repartidor,80,ENTREGA,Pedido,280
Repartidor,1,ENTREGA,Pedido,281
Repartidor,26,ENTREGA,Pedido,282
Repartidor,49,ENTREGA,Pedido,283
Repartidor,44,ENTREGA,Pedido,284
Repartidor,3,ENTREGA,Pedido,285
Repartidor,84,ENTREGA,Pedido,286
Repartidor,59,ENTREGA,Pedido,287
Repartidor,3,ENTREGA,Pedido,288
Repartidor,6,ENTREGA,Pedido,289
Repartidor,59,ENTREGA,Pedido,290
Repartidor,3,ENTREGA,Pedido,291
Repartidor,95,ENTREGA,Pedido,292
Repartidor,38,ENTREGA,Pedido,293
Repartidor,50,ENTREGA,Pedido,294
Repartidor,81,ENTREGA,Pedido,295
Repartidor,67,ENTREGA,Pedido,296
Repartidor,84,ENTREGA,Pedido,297
Repartidor,92,ENTREGA,Pedido,298
Repartidor,50,ENTREGA,Pedido,299
Repartidor,70,ENTREGA,Pedido,300
Repartidor,17,ENTREGA,Pedido,301
Repartidor,26,ENTREGA,Pedido,302
Repartidor,25,ENTREGA,Pedido,303
Repartidor,48,ENTREGA,Pedido,304
Repartidor,14,ENTREGA,Pedido,305
Repartidor,38,ENTREGA,Pedido,306
Repartidor,98,ENTREGA,Pedido,307
Repartidor,58,ENTREGA,Pedido,308
Repartidor,99,ENTREGA,Pedido,309
Repartidor,24,ENTREGA,Pedido,310
Repartidor,18,ENTREGA,Pedido,311
Repartidor,97,ENTREGA,Pedido,312
Repartidor,5,ENTREGA,Pedido,313
Repartidor,8,ENTREGA,Pedido,314
Repartidor,92,ENTREGA,Pedido,315
Repartidor,100,ENTREGA,Pedido,316
Repartidor,8,ENTREGA,Pedido,317
Repartidor,95,ENTREGA,Pedido,318
Repartidor,85,ENTREGA,Pedido,319
Repartidor,93,ENTREGA,Pedido,320
Repartidor,53,ENTREGA,Pedido,321
Repartidor,97,ENTREGA,Pedido,322
Repartidor,16,ENTREGA,Pedido,323
Repartidor,38,ENTREGA,Pedido,324
Repartidor,44,ENTREGA,Pedido,325
Repartidor,30,ENTREGA,Pedido,326
Repartidor,76,ENTREGA,Pedido,327
Repartidor,100,ENTREGA,Pedido,328
Repartidor,52,ENTREGA,Pedido,329
Repartidor,33,ENTREGA,Pedido,330
Repartidor,70,ENTREGA,Pedido,331
Repartidor,63,ENTREGA,Pedido,332
Repartidor,20,ENTREGA,Pedido,333
Repartidor,41,ENTREGA,Pedido,334
Repartidor,8,ENTREGA,Pedido,335
Repartidor,59,ENTREGA,Pedido,336
Repartidor,94,ENTREGA,Pedido,337
Repartidor,50,ENTREGA,Pedido,338
Repartidor,29,ENTREGA,Pedido,339
Repartidor,56,ENTREGA,Pedido,340
Repartidor,69,ENTREGA,Pedido,341
Repartidor,48,ENTREGA,Pedido,342
Repartidor,77,ENTREGA,Pedido,343
Repartidor,83,ENTREGA,Pedido,344
Repartidor,44,ENTREGA,Pedido,345
Repartidor,86,ENTREGA,Pedido,346
Repartidor,95,ENTREGA,Pedido,347
Repartidor,35,ENTREGA,Pedido,348
Repartidor,25,ENTREGA,Pedido,349
Repartidor,70,ENTREGA,Pedido,350
Repartidor,37,ENTREGA,Pedido,351
Repartidor,15,ENTREGA,Pedido,352
Repartidor,10,ENTREGA,Pedido,353
Repartidor,95,ENTREGA,Pedido,354
Repartidor,9,ENTREGA,Pedido,355
Repartidor,79,ENTREGA,Pedido,356
Repartidor,26,ENTREGA,Pedido,357
Repartidor,10,ENTREGA,Pedido,358
Repartidor,15,ENTREGA,Pedido,359
Repartidor,43,ENTREGA,Pedido,360
Repartidor,78,ENTREGA,Pedido,361
Repartidor,58,ENTREGA,Pedido,362
Repartidor,75,ENTREGA,Pedido,363
Repartidor,80,ENTREGA,Pedido,364
Repartidor,80,ENTREGA,Pedido,365
Repartidor,31,ENTREGA,Pedido,366
Repartidor,82,ENTREGA,Pedido,367
Repartidor,22,ENTREGA,Pedido,368
Repartidor,66,ENTREGA,Pedido,369
Repartidor,45,ENTREGA,Pedido,370
Repartidor,14,ENTREGA,Pedido,371
Repartidor,83,ENTREGA,Pedido,372
Repartidor,66,ENTREGA,Pedido,373
Repartidor,98,ENTREGA,Pedido,374
Repartidor,84,ENTREGA,Pedido,375
Repartidor,57,ENTREGA,Pedido,376
Repartidor,58,ENTREGA,Pedido,377
Repartidor,5,ENTREGA,Pedido,378
Repartidor,55,ENTREGA,Pedido,379
Repartidor,62,ENTREGA,Pedido,380
Repartidor,66,ENTREGA,Pedido,381
Repartidor,35,ENTREGA,Pedido,382
Repartidor,65,ENTREGA,Pedido,383
Repartidor,72,ENTREGA,Pedido,384
Repartidor,4,ENTREGA,Pedido,385
Repartidor,12,ENTREGA,Pedido,386
Repartidor,7,ENTREGA,Pedido,387
Repartidor,84,ENTREGA,Pedido,388
Repartidor,42,ENTREGA,Pedido,389
Repartidor,40,ENTREGA,Pedido,390
Repartidor,17,ENTREGA,Pedido,391
Repartidor,89,ENTREGA,Pedido,392
Repartidor,87,ENTREGA,Pedido,393
Repartidor,67,ENTREGA,Pedido,394
Repartidor,90,ENTREGA,Pedido,395
Repartidor,43,ENTREGA,Pedido,396
Repartidor,20,ENTREGA,Pedido,397
Repartidor,71,ENTREGA,Pedido,398
Repartidor,98,ENTREGA,Pedido,399
Repartidor,46,ENTREGA,Pedido,400
Repartidor,100,ENTREGA,Pedido,401
Repartidor,85,ENTREGA,Pedido,402
Repartidor,12,ENTREGA,Pedido,403
Repartidor,42,ENTREGA,Pedido,404
Repartidor,11,ENTREGA,Pedido,405
Repartidor,49,ENTREGA,Pedido,406
Repartidor,58,ENTREGA,Pedido,407
Repartidor,66,ENTREGA,Pedido,408
Repartidor,17,ENTREGA,Pedido,409
Repartidor,94,ENTREGA,Pedido,410
Repartidor,97,ENTREGA,Pedido,411
Repartidor,85,ENTREGA,Pedido,412
Repartidor,28,ENTREGA,Pedido,413
Repartidor,88,ENTREGA,Pedido,414
Repartidor,62,ENTREGA,Pedido,415
Repartidor,100,ENTREGA,Pedido,416
Repartidor,19,ENTREGA,Pedido,417
Repartidor,34,ENTREGA,Pedido,418
Repartidor,52,ENTREGA,Pedido,419
Repartidor,53,ENTREGA,Pedido,420
Repartidor,57,ENTREGA,Pedido,421
Repartidor,72,ENTREGA,Pedido,422
Repartidor,15,ENTREGA,Pedido,423
Repartidor,11,ENTREGA,Pedido,424
Repartidor,56,ENTREGA,Pedido,425
Repartidor,30,ENTREGA,Pedido,426
Repartidor,89,ENTREGA,Pedido,427
Repartidor,70,ENTREGA,Pedido,428
Repartidor,10,ENTREGA,Pedido,429
Repartidor,97,ENTREGA,Pedido,430
Repartidor,77,ENTREGA,Pedido,431
Repartidor,83,ENTREGA,Pedido,432
Repartidor,7,ENTREGA,Pedido,433
Repartidor,41,ENTREGA,Pedido,434
Repartidor,59,ENTREGA,Pedido,435
Repartidor,38,ENTREGA,Pedido,436
Repartidor,95,ENTREGA,Pedido,437
Repartidor,29,ENTREGA,Pedido,438
Repartidor,42,ENTREGA,Pedido,439
Repartidor,15,ENTREGA,Pedido,440
Repartidor,64,ENTREGA,Pedido,441
Repartidor,13,ENTREGA,Pedido,442
Repartidor,20,ENTREGA,Pedido,443
Repartidor,63,ENTREGA,Pedido,444
Repartidor,73,ENTREGA,Pedido,445
Repartidor,62,ENTREGA,Pedido,446
Repartidor,90,ENTREGA,Pedido,447
Repartidor,99,ENTREGA,Pedido,448
Repartidor,64,ENTREGA,Pedido,449
Repartidor,72,ENTREGA,Pedido,450
Repartidor,91,ENTREGA,Pedido,451
Repartidor,21,ENTREGA,Pedido,452
Repartidor,42,ENTREGA,Pedido,453
Repartidor,47,ENTREGA,Pedido,454
Repartidor,75,ENTREGA,Pedido,455
Repartidor,16,ENTREGA,Pedido,456
Repartidor,24,ENTREGA,Pedido,457
Repartidor,69,ENTREGA,Pedido,458
Repartidor,73,ENTREGA,Pedido,459
Repartidor,71,ENTREGA,Pedido,460
Repartidor,25,ENTREGA,Pedido,461
Repartidor,54,ENTREGA,Pedido,462
Repartidor,39,ENTREGA,Pedido,463
Repartidor,49,ENTREGA,Pedido,464
Repartidor,17,ENTREGA,Pedido,465
Repartidor,53,ENTREGA,Pedido,466
Repartidor,64,ENTREGA,Pedido,467
Repartidor,55,ENTREGA,Pedido,468
Repartidor,32,ENTREGA,Pedido,469
Repartidor,33,ENTREGA,Pedido,470
Repartidor,69,ENTREGA,Pedido,471
Repartidor,15,ENTREGA,Pedido,472
Repartidor,11,ENTREGA,Pedido,473
Repartidor,69,ENTREGA,Pedido,474
Repartidor,95,ENTREGA,Pedido,475
Repartidor,6,ENTREGA,Pedido,476
Repartidor,31,ENTREGA,Pedido,477
Repartidor,27,ENTREGA,Pedido,478
Repartidor,54,ENTREGA,Pedido,479
Repartidor,76,ENTREGA,Pedido,480
Repartidor,6,ENTREGA,Pedido,481
Repartidor,87,ENTREGA,Pedido,482
Repartidor,93,ENTREGA,Pedido,483
Repartidor,27,ENTREGA,Pedido,484
Repartidor,89,ENTREGA,Pedido,485
Repartidor,27,ENTREGA,Pedido,486
Repartidor,81,ENTREGA,Pedido,487
Repartidor,27,ENTREGA,Pedido,488
Repartidor,97,ENTREGA,Pedido,489
Repartidor,80,ENTREGA,Pedido,490
Repartidor,35,ENTREGA,Pedido,491
Repartidor,78,ENTREGA,Pedido,492
Repartidor,92,ENTREGA,Pedido,493
Repartidor,59,ENTREGA,Pedido,494
Repartidor,76,ENTREGA,Pedido,495
Repartidor,71,ENTREGA,Pedido,496
Repartidor,4,ENTREGA,Pedido,497
Repartidor,91,ENTREGA,Pedido,498
Repartidor,82,ENTREGA,Pedido,499
Repartidor,84,ENTREGA,Pedido,500
Repartidor,33,ENTREGA,Pedido,501
Repartidor,82,ENTREGA,Pedido,502
Repartidor,69,ENTREGA,Pedido,503
Repartidor,7,ENTREGA,Pedido,504
Repartidor,71,ENTREGA,Pedido,505
Repartidor,23,ENTREGA,Pedido,506
Repartidor,10,ENTREGA,Pedido,507
Repartidor,58,ENTREGA,Pedido,508
Repartidor,37,ENTREGA,Pedido,509
Repartidor,14,ENTREGA,Pedido,510
Repartidor,46,ENTREGA,Pedido,511
Repartidor,18,ENTREGA,Pedido,512
Repartidor,59,ENTREGA,Pedido,513
Repartidor,61,ENTREGA,Pedido,514
Repartidor,37,ENTREGA,Pedido,515
Repartidor,83,ENTREGA,Pedido,516
Repartidor,69,ENTREGA,Pedido,517
Repartidor,17,ENTREGA,Pedido,518
Repartidor,12,ENTREGA,Pedido,519
Repartidor,63,ENTREGA,Pedido,520
Repartidor,41,ENTREGA,Pedido,521
Repartidor,14,ENTREGA,Pedido,522
Repartidor,88,ENTREGA,Pedido,523
Repartidor,54,ENTREGA,Pedido,524
Repartidor,78,ENTREGA,Pedido,525
Repartidor,34,ENTREGA,Pedido,526
Repartidor,43,ENTREGA,Pedido,527
Repartidor,35,ENTREGA,Pedido,528
Repartidor,22,ENTREGA,Pedido,529
Repartidor,100,ENTREGA,Pedido,530
Repartidor,72,ENTREGA,Pedido,531
Repartidor,34,ENTREGA,Pedido,532
Repartidor,74,ENTREGA,Pedido,533
Repartidor,64,ENTREGA,Pedido,534
Repartidor,1,ENTREGA,Pedido,535
Repartidor,52,ENTREGA,Pedido,536
Repartidor,63,ENTREGA,Pedido,537
Repartidor,36,ENTREGA,Pedido,538
Repartidor,33,ENTREGA,Pedido,539
Repartidor,74,ENTREGA,Pedido,540
Repartidor,67,ENTREGA,Pedido,541
Repartidor,12,ENTREGA,Pedido,542
Repartidor,87,ENTREGA,Pedido,543
Repartidor,26,ENTREGA,Pedido,544
Repartidor,66,ENTREGA,Pedido,545
Repartidor,8,ENTREGA,Pedido,546
Repartidor,47,ENTREGA,Pedido,547
Repartidor,13,ENTREGA,Pedido,548
Repartidor,34,ENTREGA,Pedido,549
Repartidor,56,ENTREGA,Pedido,550
Repartidor,64,ENTREGA,Pedido,551
Repartidor,52,ENTREGA,Pedido,552
Repartidor,77,ENTREGA,Pedido,553
Repartidor,14,ENTREGA,Pedido,554
Repartidor,4,ENTREGA,Pedido,555
Repartidor,77,ENTREGA,Pedido,556
Repartidor,85,ENTREGA,Pedido,557
Repartidor,14,ENTREGA,Pedido,558
Repartidor,8,ENTREGA,Pedido,559
Repartidor,83,ENTREGA,Pedido,560
Repartidor,86,ENTREGA,Pedido,561
Repartidor,41,ENTREGA,Pedido,562
Repartidor,44,ENTREGA,Pedido,563
Repartidor,30,ENTREGA,Pedido,564
Repartidor,21,ENTREGA,Pedido,565
Repartidor,8,ENTREGA,Pedido,566
Repartidor,85,ENTREGA,Pedido,567
Repartidor,64,ENTREGA,Pedido,568
Repartidor,33,ENTREGA,Pedido,569
Repartidor,42,ENTREGA,Pedido,570
Repartidor,50,ENTREGA,Pedido,571
Repartidor,5,ENTREGA,Pedido,572
Repartidor,61,ENTREGA,Pedido,573
Repartidor,42,ENTREGA,Pedido,574
Repartidor,56,ENTREGA,Pedido,575
Repartidor,31,ENTREGA,Pedido,576
Repartidor,68,ENTREGA,Pedido,577
Repartidor,2,ENTREGA,Pedido,578
Repartidor,30,ENTREGA,Pedido,579
Repartidor,97,ENTREGA,Pedido,580
Repartidor,31,ENTREGA,Pedido,581
Repartidor,37,ENTREGA,Pedido,582
Repartidor,76,ENTREGA,Pedido,583
Repartidor,10,ENTREGA,Pedido,584
Repartidor,61,ENTREGA,Pedido,585
Repartidor,15,ENTREGA,Pedido,586
Repartidor,81,ENTREGA,Pedido,587
Repartidor,88,ENTREGA,Pedido,588
Repartidor,4,ENTREGA,Pedido,589
Repartidor,8,ENTREGA,Pedido,590
Repartidor,27,ENTREGA,Pedido,591
Repartidor,6,ENTREGA,Pedido,592
Repartidor,71,ENTREGA,Pedido,593
Repartidor,34,ENTREGA,Pedido,594
Repartidor,95,ENTREGA,Pedido,595
Repartidor,36,ENTREGA,Pedido,596
Repartidor,33,ENTREGA,Pedido,597
Repartidor,32,ENTREGA,Pedido,598
Repartidor,89,ENTREGA,Pedido,599
Repartidor,49,ENTREGA,Pedido,600
Repartidor,33,ENTREGA,Pedido,601
Repartidor,85,ENTREGA,Pedido,602
Repartidor,92,ENTREGA,Pedido,603
Repartidor,28,ENTREGA,Pedido,604
Repartidor,100,ENTREGA,Pedido,605
Repartidor,76,ENTREGA,Pedido,606
Repartidor,81,ENTREGA,Pedido,607
Repartidor,75,ENTREGA,Pedido,608
Repartidor,8,ENTREGA,Pedido,609
Repartidor,35,ENTREGA,Pedido,610
Repartidor,79,ENTREGA,Pedido,611
Repartidor,15,ENTREGA,Pedido,612
Repartidor,44,ENTREGA,Pedido,613
Repartidor,58,ENTREGA,Pedido,614
Repartidor,50,ENTREGA,Pedido,615
Repartidor,7,ENTREGA,Pedido,616
Repartidor,62,ENTREGA,Pedido,617
Repartidor,100,ENTREGA,Pedido,618
Repartidor,98,ENTREGA,Pedido,619
Repartidor,47,ENTREGA,Pedido,620
Repartidor,90,ENTREGA,Pedido,621
Repartidor,83,ENTREGA,Pedido,622
Repartidor,25,ENTREGA,Pedido,623
Repartidor,36,ENTREGA,Pedido,624
Repartidor,65,ENTREGA,Pedido,625
Repartidor,5,ENTREGA,Pedido,626
Repartidor,80,ENTREGA,Pedido,627
Repartidor,67,ENTREGA,Pedido,628
Repartidor,22,ENTREGA,Pedido,629
Repartidor,76,ENTREGA,Pedido,630
Repartidor,24,ENTREGA,Pedido,631
Repartidor,53,ENTREGA,Pedido,632
Repartidor,17,ENTREGA,Pedido,633
Repartidor,11,ENTREGA,Pedido,634
Repartidor,66,ENTREGA,Pedido,635
Repartidor,56,ENTREGA,Pedido,636
Repartidor,58,ENTREGA,Pedido,637
Repartidor,81,ENTREGA,Pedido,638
Repartidor,88,ENTREGA,Pedido,639
Repartidor,51,ENTREGA,Pedido,640
Repartidor,19,ENTREGA,Pedido,641
Repartidor,100,ENTREGA,Pedido,642
Repartidor,57,ENTREGA,Pedido,643
Repartidor,88,ENTREGA,Pedido,644
Repartidor,12,ENTREGA,Pedido,645
Repartidor,98,ENTREGA,Pedido,646
Repartidor,43,ENTREGA,Pedido,647
Repartidor,96,ENTREGA,Pedido,648
Repartidor,62,ENTREGA,Pedido,649
Repartidor,99,ENTREGA,Pedido,650
Repartidor,34,ENTREGA,Pedido,651
Repartidor,73,ENTREGA,Pedido,652
Repartidor,41,ENTREGA,Pedido,653
Repartidor,36,ENTREGA,Pedido,654
Repartidor,18,ENTREGA,Pedido,655
Repartidor,98,ENTREGA,Pedido,656
Repartidor,65,ENTREGA,Pedido,657
Repartidor,83,ENTREGA,Pedido,658
Repartidor,4,ENTREGA,Pedido,659
Repartidor,100,ENTREGA,Pedido,660
Repartidor,60,ENTREGA,Pedido,661
Repartidor,56,ENTREGA,Pedido,662
Repartidor,99,ENTREGA,Pedido,663
Repartidor,97,ENTREGA,Pedido,664
Repartidor,51,ENTREGA,Pedido,665
Repartidor,8,ENTREGA,Pedido,666
Repartidor,53,ENTREGA,Pedido,667
Repartidor,52,ENTREGA,Pedido,668
Repartidor,86,ENTREGA,Pedido,669
Repartidor,90,ENTREGA,Pedido,670
Repartidor,97,ENTREGA,Pedido,671
Repartidor,16,ENTREGA,Pedido,672
Repartidor,24,ENTREGA,Pedido,673
Repartidor,81,ENTREGA,Pedido,674
Repartidor,97,ENTREGA,Pedido,675
Repartidor,40,ENTREGA,Pedido,676
Repartidor,91,ENTREGA,Pedido,677
Repartidor,42,ENTREGA,Pedido,678
Repartidor,91,ENTREGA,Pedido,679
Repartidor,77,ENTREGA,Pedido,680
Repartidor,99,ENTREGA,Pedido,681
Repartidor,23,ENTREGA,Pedido,682
Repartidor,22,ENTREGA,Pedido,683
Repartidor,75,ENTREGA,Pedido,684
Repartidor,95,ENTREGA,Pedido,685
Repartidor,79,ENTREGA,Pedido,686
Repartidor,56,ENTREGA,Pedido,687
Repartidor,27,ENTREGA,Pedido,688
Repartidor,99,ENTREGA,Pedido,689
Repartidor,65,ENTREGA,Pedido,690
Repartidor,8,ENTREGA,Pedido,691
Repartidor,7,ENTREGA,Pedido,692
Repartidor,77,ENTREGA,Pedido,693
Repartidor,71,ENTREGA,Pedido,694
Repartidor,24,ENTREGA,Pedido,695
Repartidor,9,ENTREGA,Pedido,696
Repartidor,81,ENTREGA,Pedido,697
Repartidor,59,ENTREGA,Pedido,698
Repartidor,57,ENTREGA,Pedido,699
Repartidor,23,ENTREGA,Pedido,700
Repartidor,35,ENTREGA,Pedido,701
Repartidor,52,ENTREGA,Pedido,702
Repartidor,90,ENTREGA,Pedido,703
Repartidor,97,ENTREGA,Pedido,704
Repartidor,74,ENTREGA,Pedido,705
Repartidor,29,ENTREGA,Pedido,706
Repartidor,55,ENTREGA,Pedido,707
Repartidor,25,ENTREGA,Pedido,708
Repartidor,10,ENTREGA,Pedido,709
Repartidor,45,ENTREGA,Pedido,710
Repartidor,9,ENTREGA,Pedido,711
Repartidor,27,ENTREGA,Pedido,712
Repartidor,90,ENTREGA,Pedido,713
Repartidor,97,ENTREGA,Pedido,714
Repartidor,64,ENTREGA,Pedido,715
Repartidor,68,ENTREGA,Pedido,716
Repartidor,89,ENTREGA,Pedido,717
Repartidor,9,ENTREGA,Pedido,718
Repartidor,47,ENTREGA,Pedido,719
Repartidor,100,ENTREGA,Pedido,720
Repartidor,88,ENTREGA,Pedido,721
Repartidor,73,ENTREGA,Pedido,722
Repartidor,80,ENTREGA,Pedido,723
Repartidor,47,ENTREGA,Pedido,724
Repartidor,35,ENTREGA,Pedido,725
Repartidor,94,ENTREGA,Pedido,726
Repartidor,18,ENTREGA,Pedido,727
Repartidor,2,ENTREGA,Pedido,728
Repartidor,6,ENTREGA,Pedido,729
Repartidor,18,ENTREGA,Pedido,730
Repartidor,84,ENTREGA,Pedido,731
Repartidor,46,ENTREGA,Pedido,732
Repartidor,22,ENTREGA,Pedido,733
Repartidor,48,ENTREGA,Pedido,734
Repartidor,93,ENTREGA,Pedido,735
Repartidor,47,ENTREGA,Pedido,736
Repartidor,48,ENTREGA,Pedido,737
Repartidor,23,ENTREGA,Pedido,738
Repartidor,73,ENTREGA,Pedido,739
Repartidor,21,ENTREGA,Pedido,740
Repartidor,74,ENTREGA,Pedido,741
Repartidor,66,ENTREGA,Pedido,742
Repartidor,87,ENTREGA,Pedido,743
Repartidor,91,ENTREGA,Pedido,744
Repartidor,98,ENTREGA,Pedido,745
Repartidor,14,ENTREGA,Pedido,746
Repartidor,2,ENTREGA,Pedido,747
Repartidor,44,ENTREGA,Pedido,748
Repartidor,38,ENTREGA,Pedido,749
Repartidor,11,ENTREGA,Pedido,750
Repartidor,19,ENTREGA,Pedido,751
Repartidor,88,ENTREGA,Pedido,752
Repartidor,95,ENTREGA,Pedido,753
Repartidor,40,ENTREGA,Pedido,754
Repartidor,18,ENTREGA,Pedido,755
Repartidor,76,ENTREGA,Pedido,756
Repartidor,100,ENTREGA,Pedido,757
Repartidor,45,ENTREGA,Pedido,758
Repartidor,28,ENTREGA,Pedido,759
Repartidor,69,ENTREGA,Pedido,760
Repartidor,9,ENTREGA,Pedido,761
Repartidor,12,ENTREGA,Pedido,762
Repartidor,5,ENTREGA,Pedido,763
Repartidor,29,ENTREGA,Pedido,764
Repartidor,11,ENTREGA,Pedido,765
Repartidor,30,ENTREGA,Pedido,766
Repartidor,51,ENTREGA,Pedido,767
Repartidor,9,ENTREGA,Pedido,768
Repartidor,53,ENTREGA,Pedido,769
Repartidor,50,ENTREGA,Pedido,770
Repartidor,78,ENTREGA,Pedido,771
Repartidor,25,ENTREGA,Pedido,772
Repartidor,88,ENTREGA,Pedido,773
Repartidor,4,ENTREGA,Pedido,774
Repartidor,13,ENTREGA,Pedido,775
Repartidor,70,ENTREGA,Pedido,776
Repartidor,16,ENTREGA,Pedido,777
Repartidor,23,ENTREGA,Pedido,778
Repartidor,42,ENTREGA,Pedido,779
Repartidor,42,ENTREGA,Pedido,780
Repartidor,69,ENTREGA,Pedido,781
Repartidor,99,ENTREGA,Pedido,782
Repartidor,37,ENTREGA,Pedido,783
Repartidor,27,ENTREGA,Pedido,784
Repartidor,29,ENTREGA,Pedido,785
Repartidor,76,ENTREGA,Pedido,786
Repartidor,31,ENTREGA,Pedido,787
Repartidor,36,ENTREGA,Pedido,788
Repartidor,97,ENTREGA,Pedido,789
Repartidor,81,ENTREGA,Pedido,790
Repartidor,100,ENTREGA,Pedido,791
Repartidor,100,ENTREGA,Pedido,792
Repartidor,27,ENTREGA,Pedido,793
Repartidor,79,ENTREGA,Pedido,794
Repartidor,4,ENTREGA,Pedido,795
Repartidor,62,ENTREGA,Pedido,796
Repartidor,79,ENTREGA,Pedido,797
Repartidor,51,ENTREGA,Pedido,798
Repartidor,17,ENTREGA,Pedido,799
Repartidor,98,ENTREGA,Pedido,800
Repartidor,54,ENTREGA,Pedido,801
Repartidor,93,ENTREGA,Pedido,802
Repartidor,21,ENTREGA,Pedido,803
Repartidor,50,ENTREGA,Pedido,804
Repartidor,42,ENTREGA,Pedido,805
Repartidor,3,ENTREGA,Pedido,806
Repartidor,45,ENTREGA,Pedido,807
Repartidor,35,ENTREGA,Pedido,808
Repartidor,76,ENTREGA,Pedido,809
Repartidor,49,ENTREGA,Pedido,810
Repartidor,99,ENTREGA,Pedido,811
Repartidor,92,ENTREGA,Pedido,812
Repartidor,80,ENTREGA,Pedido,813
Repartidor,58,ENTREGA,Pedido,814
Repartidor,26,ENTREGA,Pedido,815
Repartidor,87,ENTREGA,Pedido,816
Repartidor,5,ENTREGA,Pedido,817
Repartidor,67,ENTREGA,Pedido,818
Repartidor,85,ENTREGA,Pedido,819
Repartidor,27,ENTREGA,Pedido,820
Repartidor,49,ENTREGA,Pedido,821
Repartidor,82,ENTREGA,Pedido,822
Repartidor,90,ENTREGA,Pedido,823
Repartidor,31,ENTREGA,Pedido,824
Repartidor,20,ENTREGA,Pedido,825
Repartidor,71,ENTREGA,Pedido,826
Repartidor,88,ENTREGA,Pedido,827
Repartidor,17,ENTREGA,Pedido,828
Repartidor,75,ENTREGA,Pedido,829
Repartidor,17,ENTREGA,Pedido,830
Repartidor,38,ENTREGA,Pedido,831
Repartidor,33,ENTREGA,Pedido,832
Repartidor,59,ENTREGA,Pedido,833
Repartidor,40,ENTREGA,Pedido,834
Repartidor,59,ENTREGA,Pedido,835
Repartidor,27,ENTREGA,Pedido,836
Repartidor,94,ENTREGA,Pedido,837
Repartidor,94,ENTREGA,Pedido,838
Repartidor,48,ENTREGA,Pedido,839
Repartidor,75,ENTREGA,Pedido,840
Repartidor,41,ENTREGA,Pedido,841
Repartidor,29,ENTREGA,Pedido,842
Repartidor,75,ENTREGA,Pedido,843
Repartidor,1,ENTREGA,Pedido,844
Repartidor,89,ENTREGA,Pedido,845
Repartidor,22,ENTREGA,Pedido,846
Repartidor,11,ENTREGA,Pedido,847
Repartidor,16,ENTREGA,Pedido,848
Repartidor,36,ENTREGA,Pedido,849
Repartidor,56,ENTREGA,Pedido,850
Repartidor,43,ENTREGA,Pedido,851
Repartidor,33,ENTREGA,Pedido,852
Repartidor,27,ENTREGA,Pedido,853
Repartidor,49,ENTREGA,Pedido,854
Repartidor,39,ENTREGA,Pedido,855
Repartidor,53,ENTREGA,Pedido,856
Repartidor,60,ENTREGA,Pedido,857
Repartidor,84,ENTREGA,Pedido,858
Repartidor,80,ENTREGA,Pedido,859
Repartidor,56,ENTREGA,Pedido,860
Repartidor,14,ENTREGA,Pedido,861
Repartidor,96,ENTREGA,Pedido,862
Repartidor,27,ENTREGA,Pedido,863
Repartidor,88,ENTREGA,Pedido,864
Repartidor,26,ENTREGA,Pedido,865
Repartidor,77,ENTREGA,Pedido,866
Repartidor,45,ENTREGA,Pedido,867
Repartidor,25,ENTREGA,Pedido,868
Repartidor,93,ENTREGA,Pedido,869
Repartidor,36,ENTREGA,Pedido,870
Repartidor,76,ENTREGA,Pedido,871
Repartidor,99,ENTREGA,Pedido,872
Repartidor,6,ENTREGA,Pedido,873
Repartidor,63,ENTREGA,Pedido,874
Repartidor,43,ENTREGA,Pedido,875
Repartidor,21,ENTREGA,Pedido,876
Repartidor,97,ENTREGA,Pedido,877
Repartidor,74,ENTREGA,Pedido,878
Repartidor,70,ENTREGA,Pedido,879
Repartidor,24,ENTREGA,Pedido,880
Repartidor,51,ENTREGA,Pedido,881
Repartidor,49,ENTREGA,Pedido,882
Repartidor,16,ENTREGA,Pedido,883
Repartidor,72,ENTREGA,Pedido,884
Repartidor,25,ENTREGA,Pedido,885
Repartidor,51,ENTREGA,Pedido,886
Repartidor,45,ENTREGA,Pedido,887
Repartidor,71,ENTREGA,Pedido,888
Repartidor,90,ENTREGA,Pedido,889
Repartidor,80,ENTREGA,Pedido,890
Repartidor,38,ENTREGA,Pedido,891
Repartidor,57,ENTREGA,Pedido,892
Repartidor,58,ENTREGA,Pedido,893
Repartidor,25,ENTREGA,Pedido,894
Repartidor,9,ENTREGA,Pedido,895
Repartidor,11,ENTREGA,Pedido,896
Repartidor,86,ENTREGA,Pedido,897
Repartidor,49,ENTREGA,Pedido,898
Repartidor,63,ENTREGA,Pedido,899
Repartidor,19,ENTREGA,Pedido,900
Repartidor,86,ENTREGA,Pedido,901
Repartidor,47,ENTREGA,Pedido,902
Repartidor,65,ENTREGA,Pedido,903
Repartidor,32,ENTREGA,Pedido,904
Repartidor,13,ENTREGA,Pedido,905
Repartidor,32,ENTREGA,Pedido,906
Repartidor,69,ENTREGA,Pedido,907
Repartidor,20,ENTREGA,Pedido,908
Repartidor,21,ENTREGA,Pedido,909
Repartidor,71,ENTREGA,Pedido,910
Repartidor,3,ENTREGA,Pedido,911
Repartidor,25,ENTREGA,Pedido,912
Repartidor,67,ENTREGA,Pedido,913
Repartidor,55,ENTREGA,Pedido,914
Repartidor,69,ENTREGA,Pedido,915
Repartidor,9,ENTREGA,Pedido,916
Repartidor,15,ENTREGA,Pedido,917
Repartidor,9,ENTREGA,Pedido,918
Repartidor,30,ENTREGA,Pedido,919
Repartidor,100,ENTREGA,Pedido,920
Repartidor,83,ENTREGA,Pedido,921
Repartidor,48,ENTREGA,Pedido,922
Repartidor,21,ENTREGA,Pedido,923
Repartidor,26,ENTREGA,Pedido,924
Repartidor,86,ENTREGA,Pedido,925
Repartidor,34,ENTREGA,Pedido,926
Repartidor,51,ENTREGA,Pedido,927
Repartidor,39,ENTREGA,Pedido,928
Repartidor,63,ENTREGA,Pedido,929
Repartidor,92,ENTREGA,Pedido,930
Repartidor,77,ENTREGA,Pedido,931
Repartidor,34,ENTREGA,Pedido,932
Repartidor,66,ENTREGA,Pedido,933
Repartidor,76,ENTREGA,Pedido,934
Repartidor,81,ENTREGA,Pedido,935
Repartidor,47,ENTREGA,Pedido,936
Repartidor,22,ENTREGA,Pedido,937
Repartidor,48,ENTREGA,Pedido,938
Repartidor,50,ENTREGA,Pedido,939
Repartidor,6,ENTREGA,Pedido,940
Repartidor,36,ENTREGA,Pedido,941
Repartidor,63,ENTREGA,Pedido,942
Repartidor,26,ENTREGA,Pedido,943
Repartidor,65,ENTREGA,Pedido,944
Repartidor,80,ENTREGA,Pedido,945
Repartidor,82,ENTREGA,Pedido,946
Repartidor,20,ENTREGA,Pedido,947
Repartidor,28,ENTREGA,Pedido,948
Repartidor,37,ENTREGA,Pedido,949
Repartidor,47,ENTREGA,Pedido,950
Repartidor,47,ENTREGA,Pedido,951
Repartidor,49,ENTREGA,Pedido,952
Repartidor,63,ENTREGA,Pedido,953
Repartidor,88,ENTREGA,Pedido,954
Repartidor,71,ENTREGA,Pedido,955
Repartidor,8,ENTREGA,Pedido,956
Repartidor,80,ENTREGA,Pedido,957
Repartidor,22,ENTREGA,Pedido,958
Repartidor,32,ENTREGA,Pedido,959
Repartidor,57,ENTREGA,Pedido,960
Repartidor,35,ENTREGA,Pedido,961
Repartidor,82,ENTREGA,Pedido,962
Repartidor,85,ENTREGA,Pedido,963
Repartidor,52,ENTREGA,Pedido,964
Repartidor,27,ENTREGA,Pedido,965
Repartidor,18,ENTREGA,Pedido,966
Repartidor,69,ENTREGA,Pedido,967
Repartidor,40,ENTREGA,Pedido,968
Repartidor,98,ENTREGA,Pedido,969
Repartidor,44,ENTREGA,Pedido,970
Repartidor,84,ENTREGA,Pedido,971
Repartidor,97,ENTREGA,Pedido,972
Repartidor,56,ENTREGA,Pedido,973
Repartidor,64,ENTREGA,Pedido,974
Repartidor,42,ENTREGA,Pedido,975
Repartidor,56,ENTREGA,Pedido,976
Repartidor,72,ENTREGA,Pedido,977
Repartidor,1,ENTREGA,Pedido,978
Repartidor,91,ENTREGA,Pedido,979
Repartidor,90,ENTREGA,Pedido,980
Repartidor,90,ENTREGA,Pedido,981
Repartidor,29,ENTREGA,Pedido,982
Repartidor,24,ENTREGA,Pedido,983
Repartidor,71,ENTREGA,Pedido,984
Repartidor,97,ENTREGA,Pedido,985
Repartidor,79,ENTREGA,Pedido,986
Repartidor,96,ENTREGA,Pedido,987
Repartidor,79,ENTREGA,Pedido,988
Repartidor,17,ENTREGA,Pedido,989
Repartidor,41,ENTREGA,Pedido,990
Repartidor,21,ENTREGA,Pedido,991
Repartidor,43,ENTREGA,Pedido,992
Repartidor,95,ENTREGA,Pedido,993
Repartidor,31,ENTREGA,Pedido,994
Repartidor,63,ENTREGA,Pedido,995
Repartidor,42,ENTREGA,Pedido,996
Repartidor,65,ENTREGA,Pedido,997
Repartidor,18,ENTREGA,Pedido,998
Repartidor,50,ENTREGA,Pedido,999
Repartidor,29,ENTREGA,Pedido,1000
