id,dia,hora
1,2025-01-24,22:15:00
2,2025-02-12,16:45:00
3,2025-05-04,13:45:00
4,2025-01-16,12:45:00
5,2025-01-01,16:30:00
6,2025-04-27,14:45:00
7,2025-06-28,21:45:00
8,2025-02-09,13:30:00
9,2025-02-25,10:00:00
10,2025-03-22,10:00:00
11,2025-05-30,17:15:00
12,2025-01-15,18:00:00
13,2025-02-17,11:00:00
14,2025-06-22,13:45:00
15,2025-01-31,19:15:00
16,2025-05-29,19:00:00
17,2025-06-08,11:45:00
18,2025-06-18,19:30:00
19,2025-03-08,13:30:00
20,2025-03-03,14:45:00
21,2025-02-03,20:30:00
22,2025-04-28,15:00:00
23,2025-01-03,17:00:00
24,2025-01-19,18:15:00
25,2025-05-10,14:15:00
26,2025-03-31,11:15:00
27,2025-04-05,14:15:00
28,2025-04-23,18:30:00
29,2025-06-06,22:00:00
30,2025-06-20,18:30:00
31,2025-06-19,11:15:00
32,2025-03-09,11:00:00
33,2025-05-22,12:30:00
34,2025-03-14,19:15:00
35,2025-03-29,13:30:00
36,2025-05-10,17:30:00
37,2025-01-14,11:45:00
38,2025-03-12,10:00:00
39,2025-03-27,22:15:00
40,2025-06-13,14:15:00
41,2025-04-24,18:45:00
42,2025-05-24,10:00:00
43,2025-01-20,21:15:00
44,2025-05-20,10:30:00
45,2025-05-30,18:15:00
46,2025-04-21,12:00:00
47,2025-03-20,15:00:00
48,2025-04-02,13:15:00
49,2025-06-20,11:30:00
50,2025-05-24,16:15:00
51,2025-03-02,12:15:00
52,2025-04-16,10:15:00
53,2025-03-27,22:45:00
54,2025-06-21,21:15:00
55,2025-03-10,12:00:00
56,2025-04-08,10:45:00
57,2025-02-26,13:45:00
58,2025-03-31,14:15:00
59,2025-02-27,10:15:00
60,2025-04-13,15:30:00
61,2025-01-18,22:30:00
62,2025-03-31,20:45:00
63,2025-06-23,18:30:00
64,2025-01-08,11:30:00
65,2025-02-15,19:30:00
66,2025-01-10,11:45:00
67,2025-03-30,21:30:00
68,2025-04-22,19:00:00
69,2025-04-09,19:15:00
70,2025-03-07,10:45:00
71,2025-01-01,18:15:00
72,2025-04-04,16:00:00
73,2025-06-20,15:30:00
74,2025-06-19,11:30:00
75,2025-05-10,14:45:00
76,2025-03-25,16:30:00
77,2025-05-22,12:15:00
78,2025-04-18,20:45:00
79,2025-06-23,21:15:00
80,2025-06-07,19:30:00
81,2025-04-14,18:00:00
82,2025-03-19,14:15:00
83,2025-04-21,22:30:00
84,2025-04-30,17:45:00
85,2025-06-22,13:45:00
86,2025-02-13,20:00:00
87,2025-03-14,18:30:00
88,2025-01-24,22:15:00
89,2025-06-22,14:15:00
90,2025-02-20,12:00:00
91,2025-01-12,13:45:00
92,2025-06-06,22:00:00
93,2025-04-27,16:15:00
94,2025-06-28,16:45:00
95,2025-04-13,13:15:00
96,2025-06-17,21:00:00
97,2025-01-28,22:45:00
98,2025-02-26,12:45:00
99,2025-01-13,18:15:00
100,2025-02-01,17:15:00
101,2025-04-29,20:30:00
102,2025-04-24,19:45:00
103,2025-05-21,17:15:00
104,2025-05-02,17:30:00
105,2025-03-05,20:30:00
106,2025-05-14,17:15:00
107,2025-03-12,17:00:00
108,2025-03-15,13:30:00
109,2025-03-27,15:00:00
110,2025-02-05,12:15:00
111,2025-04-09,21:15:00
112,2025-06-30,13:00:00
113,2025-04-17,16:30:00
114,2025-05-19,17:45:00
115,2025-01-16,13:45:00
116,2025-04-10,22:00:00
117,2025-05-28,16:45:00
118,2025-01-02,15:30:00
119,2025-04-10,16:15:00
120,2025-05-05,13:30:00
121,2025-04-22,17:00:00
122,2025-04-10,15:45:00
123,2025-02-12,17:15:00
124,2025-06-09,18:00:00
125,2025-04-11,19:00:00
126,2025-01-22,20:45:00
127,2025-02-04,17:15:00
128,2025-01-13,14:45:00
129,2025-03-25,13:45:00
130,2025-03-25,15:45:00
131,2025-03-13,22:45:00
132,2025-03-06,11:45:00
133,2025-01-05,21:00:00
134,2025-03-31,13:00:00
135,2025-06-16,10:00:00
136,2025-03-05,13:00:00
137,2025-06-09,12:15:00
138,2025-02-02,17:00:00
139,2025-05-25,13:45:00
140,2025-06-29,14:30:00
141,2025-02-12,19:00:00
142,2025-02-11,14:00:00
143,2025-05-29,10:30:00
144,2025-05-28,20:45:00
145,2025-04-12,21:15:00
146,2025-01-20,19:15:00
147,2025-01-27,21:30:00
148,2025-06-25,19:00:00
149,2025-05-25,22:00:00
150,2025-03-30,18:45:00
151,2025-06-19,15:00:00
152,2025-05-10,20:30:00
153,2025-01-04,16:45:00
154,2025-01-28,16:30:00
155,2025-06-12,17:15:00
156,2025-04-22,12:30:00
157,2025-06-07,22:45:00
158,2025-04-30,16:30:00
159,2025-03-24,13:00:00
160,2025-03-13,17:15:00
161,2025-04-29,19:45:00
162,2025-03-28,10:45:00
163,2025-03-25,12:45:00
164,2025-02-24,15:30:00
165,2025-03-29,14:30:00
166,2025-05-23,10:15:00
167,2025-01-22,13:45:00
168,2025-05-06,18:15:00
169,2025-06-26,17:45:00
170,2025-04-25,22:00:00
171,2025-01-24,14:15:00
172,2025-04-14,21:15:00
173,2025-03-20,20:30:00
174,2025-05-02,18:30:00
175,2025-04-19,21:30:00
176,2025-04-01,21:45:00
177,2025-03-11,14:30:00
178,2025-03-01,11:15:00
179,2025-03-22,11:15:00
180,2025-02-19,13:45:00
181,2025-03-12,21:30:00
182,2025-01-26,13:30:00
183,2025-02-28,15:15:00
184,2025-03-19,10:15:00
185,2025-03-12,10:00:00
186,2025-05-22,14:15:00
187,2025-06-13,22:45:00
188,2025-01-27,10:30:00
189,2025-05-01,17:45:00
190,2025-03-29,12:00:00
191,2025-03-06,17:00:00
192,2025-01-17,16:45:00
193,2025-01-19,19:00:00
194,2025-02-08,12:30:00
195,2025-01-22,13:00:00
196,2025-05-23,22:45:00
197,2025-06-05,19:15:00
198,2025-05-14,16:45:00
199,2025-04-24,14:45:00
200,2025-03-20,19:00:00
201,2025-06-06,21:00:00
202,2025-02-23,20:15:00
203,2025-03-09,20:00:00
204,2025-02-10,13:15:00
205,2025-05-22,11:15:00
206,2025-01-01,16:45:00
207,2025-06-26,19:45:00
208,2025-03-16,10:15:00
209,2025-03-15,21:30:00
210,2025-06-29,17:00:00
211,2025-06-25,13:30:00
212,2025-06-10,19:15:00
213,2025-04-19,11:15:00
214,2025-06-15,12:30:00
215,2025-02-06,11:00:00
216,2025-02-12,22:30:00
217,2025-06-02,21:30:00
218,2025-04-23,11:45:00
219,2025-06-26,14:45:00
220,2025-03-11,18:45:00
221,2025-04-23,11:00:00
222,2025-04-21,21:30:00
223,2025-06-04,14:00:00
224,2025-01-24,13:00:00
225,2025-06-22,14:00:00
226,2025-02-14,17:45:00
227,2025-03-13,12:45:00
228,2025-06-12,17:00:00
229,2025-05-01,15:45:00
230,2025-03-27,15:00:00
231,2025-02-11,15:45:00
232,2025-06-27,17:30:00
233,2025-06-19,16:00:00
234,2025-04-27,11:30:00
235,2025-03-06,15:00:00
236,2025-04-14,18:00:00
237,2025-06-18,18:45:00
238,2025-04-16,10:15:00
239,2025-05-13,15:45:00
240,2025-06-10,17:00:00
241,2025-02-22,14:15:00
242,2025-03-15,17:45:00
243,2025-02-01,10:15:00
244,2025-02-10,14:00:00
245,2025-05-22,16:00:00
246,2025-02-27,11:45:00
247,2025-01-31,20:15:00
248,2025-05-08,21:30:00
249,2025-05-11,21:30:00
250,2025-04-17,17:45:00
251,2025-03-04,17:15:00
252,2025-04-09,13:15:00
253,2025-01-18,14:45:00
254,2025-03-29,22:30:00
255,2025-01-01,14:30:00
256,2025-05-31,19:45:00
257,2025-02-08,17:45:00
258,2025-03-30,15:45:00
259,2025-04-27,15:15:00
260,2025-06-28,13:45:00
261,2025-03-01,22:45:00
262,2025-01-12,15:45:00
263,2025-06-30,22:45:00
264,2025-04-09,20:15:00
265,2025-05-07,10:15:00
266,2025-05-09,19:30:00
267,2025-01-26,17:00:00
268,2025-05-15,17:00:00
269,2025-02-06,16:15:00
270,2025-01-20,17:30:00
271,2025-03-28,19:45:00
272,2025-06-16,11:30:00
273,2025-06-22,18:45:00
274,2025-03-23,20:45:00
275,2025-05-19,10:00:00
276,2025-03-02,20:30:00
277,2025-02-28,21:00:00
278,2025-04-22,11:00:00
279,2025-04-24,12:30:00
280,2025-01-08,10:30:00
281,2025-01-15,14:30:00
282,2025-04-06,16:15:00
283,2025-03-04,18:45:00
284,2025-05-25,20:15:00
285,2025-02-13,12:00:00
286,2025-06-06,16:15:00
287,2025-05-08,19:15:00
288,2025-03-01,17:30:00
289,2025-04-28,14:00:00
290,2025-04-30,14:15:00
291,2025-01-19,17:30:00
292,2025-05-31,14:45:00
293,2025-06-26,14:45:00
294,2025-03-19,13:45:00
295,2025-05-04,11:15:00
296,2025-04-08,19:30:00
297,2025-05-28,14:30:00
298,2025-01-06,20:45:00
299,2025-03-12,10:00:00
300,2025-06-05,21:45:00
301,2025-03-15,22:15:00
302,2025-06-05,22:30:00
303,2025-02-26,20:15:00
304,2025-06-08,14:15:00
305,2025-06-10,11:00:00
306,2025-03-21,22:45:00
307,2025-01-09,19:30:00
308,2025-02-03,11:30:00
309,2025-03-25,21:45:00
310,2025-02-14,13:15:00
311,2025-05-19,15:30:00
312,2025-02-12,14:45:00
313,2025-03-17,21:30:00
314,2025-01-30,17:00:00
315,2025-02-06,22:15:00
316,2025-06-23,21:45:00
317,2025-05-23,15:00:00
318,2025-04-12,10:30:00
319,2025-05-18,11:45:00
320,2025-04-05,20:30:00
321,2025-05-30,16:30:00
322,2025-01-28,20:15:00
323,2025-05-01,10:30:00
324,2025-06-06,13:00:00
325,2025-06-12,17:30:00
326,2025-06-16,16:00:00
327,2025-02-05,10:00:00
328,2025-03-19,17:00:00
329,2025-01-25,13:15:00
330,2025-04-10,17:30:00
331,2025-06-21,21:45:00
332,2025-05-31,21:15:00
333,2025-04-17,20:00:00
334,2025-05-06,19:45:00
335,2025-03-13,10:30:00
336,2025-02-25,17:45:00
337,2025-03-02,15:00:00
338,2025-06-25,15:30:00
339,2025-01-16,16:30:00
340,2025-02-18,11:45:00
341,2025-01-24,20:15:00
342,2025-06-14,20:00:00
343,2025-01-13,22:30:00
344,2025-03-04,12:15:00
345,2025-01-18,22:15:00
346,2025-05-31,13:15:00
347,2025-03-26,22:15:00
348,2025-06-02,10:30:00
349,2025-02-07,12:30:00
350,2025-02-14,11:00:00
351,2025-02-03,10:30:00
352,2025-03-02,19:30:00
353,2025-01-05,12:30:00
354,2025-01-14,12:45:00
355,2025-05-15,11:00:00
356,2025-05-02,17:30:00
357,2025-05-12,19:00:00
358,2025-04-26,18:15:00
359,2025-06-07,10:30:00
360,2025-04-28,20:00:00
361,2025-01-16,17:45:00
362,2025-04-20,20:00:00
363,2025-05-06,21:45:00
364,2025-01-19,11:30:00
365,2025-06-05,12:00:00
366,2025-02-02,14:30:00
367,2025-04-08,19:30:00
368,2025-04-27,18:45:00
369,2025-01-26,22:00:00
370,2025-06-17,20:15:00
371,2025-04-21,17:15:00
372,2025-04-16,15:45:00
373,2025-04-13,16:00:00
374,2025-03-22,16:30:00
375,2025-06-20,14:30:00
376,2025-02-09,20:45:00
377,2025-01-18,11:00:00
378,2025-01-24,16:00:00
379,2025-04-06,22:15:00
380,2025-05-23,10:30:00
381,2025-06-21,11:45:00
382,2025-04-01,20:45:00
383,2025-01-14,14:30:00
384,2025-04-01,11:15:00
385,2025-02-09,20:45:00
386,2025-02-27,11:30:00
387,2025-05-23,15:00:00
388,2025-03-13,19:15:00
389,2025-04-20,18:00:00
390,2025-06-05,20:30:00
391,2025-01-08,12:30:00
392,2025-06-29,22:30:00
393,2025-03-28,15:00:00
394,2025-02-16,12:45:00
395,2025-01-18,12:00:00
396,2025-01-24,21:15:00
397,2025-04-07,16:45:00
398,2025-03-29,12:30:00
399,2025-03-21,21:30:00
400,2025-05-26,19:00:00
401,2025-01-14,12:15:00
402,2025-06-08,10:00:00
403,2025-03-11,17:45:00
404,2025-05-05,19:45:00
405,2025-04-17,14:15:00
406,2025-05-12,11:30:00
407,2025-04-21,11:30:00
408,2025-06-23,20:45:00
409,2025-05-15,20:30:00
410,2025-01-12,13:45:00
411,2025-06-03,10:00:00
412,2025-02-22,14:15:00
413,2025-02-05,22:30:00
414,2025-03-16,15:00:00
415,2025-01-02,17:45:00
416,2025-02-14,12:45:00
417,2025-05-17,21:15:00
418,2025-05-09,18:30:00
419,2025-01-19,16:00:00
420,2025-04-22,10:45:00
421,2025-01-20,15:45:00
422,2025-05-27,16:45:00
423,2025-03-16,11:45:00
424,2025-01-06,15:15:00
425,2025-06-08,17:30:00
426,2025-01-23,16:00:00
427,2025-03-04,16:45:00
428,2025-05-15,11:45:00
429,2025-03-21,21:30:00
430,2025-02-26,15:15:00
431,2025-01-20,18:00:00
432,2025-05-16,18:15:00
433,2025-03-31,15:15:00
434,2025-03-02,11:15:00
435,2025-03-07,13:15:00
436,2025-06-04,12:00:00
437,2025-02-15,22:45:00
438,2025-04-29,22:45:00
439,2025-06-24,19:30:00
440,2025-06-10,15:15:00
441,2025-04-23,11:45:00
442,2025-04-24,20:30:00
443,2025-03-12,19:00:00
444,2025-04-01,18:00:00
445,2025-03-21,17:45:00
446,2025-01-10,10:30:00
447,2025-03-15,11:00:00
448,2025-06-07,19:45:00
449,2025-04-29,19:00:00
450,2025-04-26,22:15:00
451,2025-03-24,19:45:00
452,2025-05-09,12:00:00
453,2025-04-26,11:30:00
454,2025-01-22,18:15:00
455,2025-01-11,13:45:00
456,2025-04-23,18:15:00
457,2025-04-04,15:30:00
458,2025-04-10,16:30:00
459,2025-06-23,19:00:00
460,2025-06-11,20:30:00
461,2025-01-17,15:00:00
462,2025-05-23,20:45:00
463,2025-03-14,14:15:00
464,2025-03-27,11:15:00
465,2025-03-31,14:45:00
466,2025-02-03,19:00:00
467,2025-03-21,18:45:00
468,2025-06-14,22:30:00
469,2025-02-02,20:00:00
470,2025-06-15,20:45:00
471,2025-05-11,15:00:00
472,2025-04-03,14:15:00
473,2025-02-24,15:45:00
474,2025-02-19,13:15:00
475,2025-02-09,11:30:00
476,2025-01-26,18:00:00
477,2025-06-19,15:15:00
478,2025-06-02,16:15:00
479,2025-02-11,12:15:00
480,2025-04-23,10:45:00
481,2025-04-04,20:15:00
482,2025-04-24,19:30:00
483,2025-04-25,13:15:00
484,2025-03-21,22:45:00
485,2025-02-19,15:45:00
486,2025-04-29,22:30:00
487,2025-04-08,18:45:00
488,2025-02-11,13:15:00
489,2025-03-06,10:45:00
490,2025-04-06,18:00:00
491,2025-05-13,11:30:00
492,2025-01-22,22:15:00
493,2025-03-11,17:15:00
494,2025-04-22,11:15:00
495,2025-04-26,15:00:00
496,2025-04-17,10:45:00
497,2025-05-09,15:15:00
498,2025-04-09,11:30:00
499,2025-02-27,10:30:00
500,2025-01-26,21:30:00
501,2025-02-07,12:00:00
502,2025-03-15,17:15:00
503,2025-06-30,17:45:00
504,2025-06-07,10:00:00
505,2025-01-05,14:15:00
506,2025-02-08,18:45:00
507,2025-01-29,22:30:00
508,2025-03-02,14:00:00
509,2025-01-13,13:45:00
510,2025-06-13,22:45:00
511,2025-01-17,11:45:00
512,2025-06-02,18:00:00
513,2025-06-11,18:15:00
514,2025-02-06,14:45:00
515,2025-01-01,19:30:00
516,2025-03-03,19:45:00
517,2025-02-17,20:00:00
518,2025-05-15,15:00:00
519,2025-05-15,18:00:00
520,2025-04-10,17:00:00
521,2025-06-12,16:30:00
522,2025-03-06,21:00:00
523,2025-04-02,22:00:00
524,2025-03-30,13:00:00
525,2025-05-29,21:30:00
526,2025-02-04,10:30:00
527,2025-05-20,15:15:00
528,2025-06-25,17:45:00
529,2025-06-11,12:15:00
530,2025-01-17,21:45:00
531,2025-01-10,14:15:00
532,2025-01-12,22:15:00
533,2025-01-11,15:30:00
534,2025-05-12,16:45:00
535,2025-03-06,10:15:00
536,2025-03-15,15:00:00
537,2025-06-17,15:30:00
538,2025-02-01,22:30:00
539,2025-04-22,16:45:00
540,2025-04-09,15:15:00
541,2025-05-08,21:45:00
542,2025-04-05,22:30:00
543,2025-01-22,21:45:00
544,2025-01-21,16:15:00
545,2025-05-20,14:30:00
546,2025-01-27,11:30:00
547,2025-06-19,14:30:00
548,2025-04-25,19:45:00
549,2025-02-12,21:45:00
550,2025-03-31,17:00:00
551,2025-04-01,19:45:00
552,2025-03-12,20:00:00
553,2025-01-20,20:45:00
554,2025-04-04,18:15:00
555,2025-01-08,12:45:00
556,2025-01-09,12:00:00
557,2025-03-02,22:30:00
558,2025-04-03,16:00:00
559,2025-06-04,12:45:00
560,2025-04-05,15:45:00
561,2025-01-20,19:15:00
562,2025-05-16,15:45:00
563,2025-03-22,20:30:00
564,2025-03-05,11:00:00
565,2025-02-17,17:45:00
566,2025-05-24,11:30:00
567,2025-03-08,21:45:00
568,2025-02-24,19:30:00
569,2025-06-27,17:15:00
570,2025-02-01,12:00:00
571,2025-04-26,12:45:00
572,2025-01-23,22:30:00
573,2025-06-20,15:00:00
574,2025-05-21,18:30:00
575,2025-03-18,12:15:00
576,2025-04-03,18:15:00
577,2025-02-01,13:15:00
578,2025-03-02,22:45:00
579,2025-01-07,15:30:00
580,2025-04-30,22:15:00
581,2025-06-06,11:00:00
582,2025-03-21,16:45:00
583,2025-05-15,16:45:00
584,2025-05-28,11:15:00
585,2025-03-23,20:00:00
586,2025-04-26,17:30:00
587,2025-02-02,22:15:00
588,2025-02-03,16:00:00
589,2025-02-01,18:15:00
590,2025-03-19,12:15:00
591,2025-03-24,21:15:00
592,2025-03-30,18:30:00
593,2025-01-21,14:15:00
594,2025-06-12,18:30:00
595,2025-02-02,20:30:00
596,2025-06-07,18:00:00
597,2025-05-09,20:15:00
598,2025-06-01,19:15:00
599,2025-02-13,20:30:00
600,2025-05-25,10:00:00
601,2025-01-21,10:30:00
602,2025-06-16,13:45:00
603,2025-06-08,20:00:00
604,2025-05-08,20:30:00
605,2025-06-14,14:45:00
606,2025-03-04,22:45:00
607,2025-03-18,17:00:00
608,2025-06-26,10:15:00
609,2025-04-23,16:45:00
610,2025-04-29,13:30:00
611,2025-06-05,12:30:00
612,2025-03-23,21:30:00
613,2025-04-13,12:30:00
614,2025-05-12,18:00:00
615,2025-03-23,13:45:00
616,2025-02-01,14:45:00
617,2025-03-05,12:00:00
618,2025-01-13,14:45:00
619,2025-06-07,16:15:00
620,2025-02-10,15:30:00
621,2025-02-18,22:15:00
622,2025-05-08,18:45:00
623,2025-05-08,14:45:00
624,2025-01-06,11:45:00
625,2025-05-10,17:15:00
626,2025-02-25,19:30:00
627,2025-01-13,10:30:00
628,2025-05-07,19:45:00
629,2025-03-15,18:00:00
630,2025-01-28,16:15:00
631,2025-03-09,21:30:00
632,2025-04-14,15:00:00
633,2025-04-13,10:15:00
634,2025-04-03,18:30:00
635,2025-01-19,16:45:00
636,2025-05-21,14:00:00
637,2025-02-02,11:45:00
638,2025-04-06,22:30:00
639,2025-05-23,15:15:00
640,2025-02-20,19:45:00
641,2025-05-09,10:00:00
642,2025-01-10,12:30:00
643,2025-05-02,18:45:00
644,2025-02-08,19:15:00
645,2025-03-25,19:30:00
646,2025-02-11,16:30:00
647,2025-06-01,15:45:00
648,2025-05-25,14:45:00
649,2025-01-05,15:30:00
650,2025-06-22,11:45:00
651,2025-05-30,14:00:00
652,2025-06-02,17:30:00
653,2025-06-17,22:15:00
654,2025-01-14,19:45:00
655,2025-02-13,18:45:00
656,2025-02-07,20:15:00
657,2025-01-09,19:00:00
658,2025-02-18,10:45:00
659,2025-03-22,16:15:00
660,2025-04-16,21:15:00
661,2025-04-16,18:45:00
662,2025-01-16,21:15:00
663,2025-05-13,13:30:00
664,2025-06-19,17:45:00
665,2025-03-22,12:45:00
666,2025-05-17,15:30:00
667,2025-06-23,22:30:00
668,2025-06-06,17:15:00
669,2025-03-05,14:30:00
670,2025-02-27,14:30:00
671,2025-06-30,13:45:00
672,2025-03-23,17:30:00
673,2025-05-24,22:30:00
674,2025-03-15,11:45:00
675,2025-04-12,15:15:00
676,2025-03-16,10:30:00
677,2025-01-21,15:45:00
678,2025-06-17,14:45:00
679,2025-02-24,13:30:00
680,2025-05-24,21:30:00
681,2025-02-05,11:15:00
682,2025-03-04,10:15:00
683,2025-06-13,13:00:00
684,2025-01-26,16:30:00
685,2025-05-01,11:15:00
686,2025-01-02,18:15:00
687,2025-04-15,20:45:00
688,2025-05-03,20:15:00
689,2025-03-15,15:30:00
690,2025-06-15,10:00:00
691,2025-06-16,19:15:00
692,2025-05-17,21:00:00
693,2025-02-14,16:15:00
694,2025-01-10,16:45:00
695,2025-02-17,21:30:00
696,2025-01-10,10:30:00
697,2025-05-26,19:00:00
698,2025-03-27,14:45:00
699,2025-06-14,18:45:00
700,2025-02-04,18:45:00
701,2025-03-11,13:00:00
702,2025-03-26,12:45:00
703,2025-06-15,14:15:00
704,2025-01-04,21:30:00
705,2025-03-17,19:15:00
706,2025-02-14,19:45:00
707,2025-04-20,18:30:00
708,2025-01-23,16:00:00
709,2025-02-17,12:45:00
710,2025-03-24,13:00:00
711,2025-03-08,16:15:00
712,2025-04-25,22:30:00
713,2025-03-26,14:00:00
714,2025-03-08,20:30:00
715,2025-06-27,13:00:00
716,2025-06-20,11:45:00
717,2025-03-20,12:45:00
718,2025-06-25,18:30:00
719,2025-06-26,11:30:00
720,2025-04-05,19:15:00
721,2025-02-26,12:45:00
722,2025-02-09,17:30:00
723,2025-04-17,21:45:00
724,2025-05-18,22:15:00
725,2025-03-05,20:00:00
726,2025-05-15,17:30:00
727,2025-01-20,19:00:00
728,2025-01-16,18:15:00
729,2025-05-27,18:15:00
730,2025-02-12,15:45:00
731,2025-01-30,20:15:00
732,2025-05-30,17:00:00
733,2025-05-11,17:00:00
734,2025-04-27,12:45:00
735,2025-04-27,19:00:00
736,2025-05-24,17:30:00
737,2025-01-06,16:30:00
738,2025-01-01,21:15:00
739,2025-05-29,11:00:00
740,2025-04-19,15:00:00
741,2025-05-19,10:00:00
742,2025-05-01,10:30:00
743,2025-04-15,12:15:00
744,2025-06-14,21:45:00
745,2025-04-06,16:45:00
746,2025-04-07,16:00:00
747,2025-06-24,20:15:00
748,2025-06-17,15:00:00
749,2025-02-15,18:45:00
750,2025-05-16,12:15:00
751,2025-01-01,22:00:00
752,2025-03-18,17:45:00
753,2025-05-17,16:15:00
754,2025-03-05,17:30:00
755,2025-02-09,14:15:00
756,2025-01-29,10:45:00
757,2025-06-07,22:00:00
758,2025-03-03,13:00:00
759,2025-01-26,19:00:00
760,2025-04-25,19:00:00
761,2025-03-04,21:00:00
762,2025-04-13,17:15:00
763,2025-05-19,13:00:00
764,2025-02-05,18:30:00
765,2025-03-01,21:30:00
766,2025-05-28,19:30:00
767,2025-03-02,14:15:00
768,2025-06-19,18:15:00
769,2025-04-16,14:30:00
770,2025-01-16,18:15:00
771,2025-06-10,20:45:00
772,2025-05-23,17:00:00
773,2025-03-30,20:45:00
774,2025-05-15,15:45:00
775,2025-04-15,12:30:00
776,2025-04-07,12:45:00
777,2025-03-03,13:30:00
778,2025-02-06,22:45:00
779,2025-01-15,18:45:00
780,2025-04-17,18:15:00
781,2025-04-10,13:30:00
782,2025-02-22,15:00:00
783,2025-04-26,15:00:00
784,2025-05-18,21:15:00
785,2025-01-14,14:45:00
786,2025-06-22,19:00:00
787,2025-01-19,13:15:00
788,2025-05-03,13:30:00
789,2025-03-19,10:15:00
790,2025-02-18,21:00:00
791,2025-05-03,13:15:00
792,2025-04-12,13:30:00
793,2025-03-14,16:45:00
794,2025-05-17,20:30:00
795,2025-03-20,14:30:00
796,2025-05-12,17:45:00
797,2025-01-26,22:45:00
798,2025-03-23,13:30:00
799,2025-03-22,16:00:00
800,2025-05-25,13:15:00
801,2025-01-05,14:45:00
802,2025-03-17,12:15:00
803,2025-03-26,13:45:00
804,2025-05-26,13:45:00
805,2025-05-21,20:30:00
806,2025-03-07,22:45:00
807,2025-06-14,21:45:00
808,2025-04-28,12:30:00
809,2025-02-13,12:45:00
810,2025-02-17,18:00:00
811,2025-05-15,10:00:00
812,2025-06-21,10:00:00
813,2025-04-16,12:15:00
814,2025-01-18,21:15:00
815,2025-01-03,13:45:00
816,2025-04-06,10:45:00
817,2025-06-18,17:00:00
818,2025-01-02,18:45:00
819,2025-01-04,10:30:00
820,2025-05-18,14:00:00
821,2025-05-09,21:45:00
822,2025-02-15,11:00:00
823,2025-05-15,12:15:00
824,2025-02-19,19:30:00
825,2025-04-01,14:45:00
826,2025-01-21,15:45:00
827,2025-04-28,19:15:00
828,2025-06-28,13:30:00
829,2025-06-25,11:00:00
830,2025-01-24,16:45:00
831,2025-04-07,18:45:00
832,2025-01-15,20:00:00
833,2025-06-29,12:00:00
834,2025-05-08,16:30:00
835,2025-05-25,11:00:00
836,2025-02-28,13:45:00
837,2025-03-11,10:00:00
838,2025-06-25,14:00:00
839,2025-02-15,15:00:00
840,2025-02-23,19:15:00
841,2025-04-12,11:30:00
842,2025-02-11,19:15:00
843,2025-05-26,16:30:00
844,2025-04-09,22:15:00
845,2025-06-26,21:00:00
846,2025-05-09,21:30:00
847,2025-01-14,11:45:00
848,2025-03-01,11:30:00
849,2025-06-04,22:45:00
850,2025-03-25,10:30:00
851,2025-04-26,17:15:00
852,2025-04-02,18:45:00
853,2025-04-21,12:45:00
854,2025-01-22,22:30:00
855,2025-03-05,21:00:00
856,2025-01-22,14:15:00
857,2025-04-08,21:15:00
858,2025-04-10,15:30:00
859,2025-01-28,11:00:00
860,2025-03-20,17:30:00
861,2025-03-11,11:15:00
862,2025-01-23,12:45:00
863,2025-04-25,18:45:00
864,2025-01-27,10:00:00
865,2025-04-01,18:00:00
866,2025-06-02,19:30:00
867,2025-04-09,10:30:00
868,2025-04-16,16:00:00
869,2025-05-24,13:15:00
870,2025-06-25,16:15:00
871,2025-02-05,14:30:00
872,2025-03-10,17:15:00
873,2025-01-17,12:45:00
874,2025-03-12,16:30:00
875,2025-05-04,22:00:00
876,2025-04-03,14:15:00
877,2025-06-10,17:15:00
878,2025-04-28,11:15:00
879,2025-03-19,10:45:00
880,2025-03-27,19:45:00
881,2025-03-26,17:30:00
882,2025-04-21,20:15:00
883,2025-03-18,15:15:00
884,2025-05-03,15:15:00
885,2025-04-12,15:30:00
886,2025-06-27,20:45:00
887,2025-05-28,22:15:00
888,2025-03-25,16:30:00
889,2025-04-11,15:00:00
890,2025-05-25,13:15:00
891,2025-06-24,22:00:00
892,2025-04-29,21:15:00
893,2025-04-23,22:30:00
894,2025-06-27,11:45:00
895,2025-06-22,17:15:00
896,2025-06-12,14:15:00
897,2025-03-06,20:15:00
898,2025-04-19,22:45:00
899,2025-01-19,17:45:00
900,2025-05-30,16:45:00
901,2025-05-20,10:30:00
902,2025-06-29,22:00:00
903,2025-01-28,22:15:00
904,2025-06-18,20:30:00
905,2025-02-12,20:00:00
906,2025-05-25,20:45:00
907,2025-03-26,22:45:00
908,2025-01-28,10:00:00
909,2025-03-08,13:15:00
910,2025-04-25,15:45:00
911,2025-04-29,22:15:00
912,2025-03-30,10:45:00
913,2025-01-27,14:45:00
914,2025-01-22,11:15:00
915,2025-03-31,14:30:00
916,2025-04-27,22:15:00
917,2025-05-14,17:30:00
918,2025-05-02,11:45:00
919,2025-06-28,17:30:00
920,2025-01-18,14:00:00
921,2025-01-30,10:30:00
922,2025-06-15,11:15:00
923,2025-03-04,18:15:00
924,2025-05-22,12:30:00
925,2025-05-24,16:45:00
926,2025-03-01,22:45:00
927,2025-06-11,12:15:00
928,2025-06-13,20:45:00
929,2025-04-12,10:15:00
930,2025-04-26,19:45:00
931,2025-04-10,10:15:00
932,2025-02-22,14:00:00
933,2025-05-28,11:15:00
934,2025-04-04,15:15:00
935,2025-04-28,11:30:00
936,2025-06-21,17:30:00
937,2025-06-02,16:45:00
938,2025-05-31,11:30:00
939,2025-04-01,17:15:00
940,2025-06-22,21:30:00
941,2025-06-07,19:00:00
942,2025-06-22,12:30:00
943,2025-01-31,13:30:00
944,2025-01-30,12:30:00
945,2025-06-27,12:45:00
946,2025-04-18,19:15:00
947,2025-05-28,16:45:00
948,2025-02-17,17:15:00
949,2025-05-23,12:45:00
950,2025-03-15,12:15:00
951,2025-03-22,17:00:00
952,2025-04-02,10:45:00
953,2025-02-04,13:45:00
954,2025-05-24,18:45:00
955,2025-04-15,20:45:00
956,2025-04-17,21:45:00
957,2025-05-06,12:00:00
958,2025-05-25,10:15:00
959,2025-03-16,10:30:00
960,2025-02-27,18:30:00
961,2025-02-13,22:45:00
962,2025-05-25,21:45:00
963,2025-05-21,18:00:00
964,2025-05-27,11:30:00
965,2025-05-20,15:00:00
966,2025-04-23,18:15:00
967,2025-04-19,11:15:00
968,2025-03-18,10:45:00
969,2025-03-09,15:00:00
970,2025-04-23,11:15:00
971,2025-02-23,22:30:00
972,2025-06-06,20:45:00
973,2025-02-12,19:15:00
974,2025-02-22,13:00:00
975,2025-05-26,15:30:00
976,2025-06-02,18:15:00
977,2025-03-24,21:30:00
978,2025-03-16,19:30:00
979,2025-05-12,20:00:00
980,2025-02-04,22:45:00
981,2025-01-16,14:15:00
982,2025-06-29,12:15:00
983,2025-02-07,21:30:00
984,2025-03-05,22:45:00
985,2025-05-06,12:30:00
986,2025-06-10,16:45:00
987,2025-04-26,11:00:00
988,2025-04-14,18:30:00
989,2025-06-27,15:45:00
990,2025-05-05,15:00:00
991,2025-01-24,21:45:00
992,2025-06-12,20:30:00
993,2025-01-17,22:45:00
994,2025-02-25,16:15:00
995,2025-05-07,14:30:00
996,2025-03-14,15:15:00
997,2025-05-25,17:30:00
998,2025-06-24,22:00:00
999,2025-01-12,11:45:00
1000,2025-01-05,11:15:00
