id,nombre
1,Producto1
2,Producto2
3,Producto3
4,Producto4
5,Producto5
6,Producto6
7,Producto7
8,Producto8
9,Producto9
10,Producto10
11,Producto11
12,Producto12
13,Producto13
14,Producto14
15,Producto15
16,Producto16
17,Producto17
18,Producto18
19,Producto19
20,Producto20
21,Producto21
22,Producto22
23,Producto23
24,Producto24
25,Producto25
26,Producto26
27,Producto27
28,Producto28
29,Producto29
30,Producto30
31,Producto31
32,Producto32
33,Producto33
34,Producto34
35,Producto35
36,Producto36
37,Producto37
38,Producto38
39,Producto39
40,Producto40
41,Producto41
42,Producto42
43,Producto43
44,Producto44
45,Producto45
46,Producto46
47,Producto47
48,Producto48
49,Producto49
50,Producto50
51,Producto51
52,Producto52
53,Producto53
54,Producto54
55,Producto55
56,Producto56
57,Producto57
58,Producto58
59,Producto59
60,Producto60
61,Producto61
62,Producto62
63,Producto63
64,Producto64
65,Producto65
66,Producto66
67,Producto67
68,Producto68
69,Producto69
70,Producto70
71,Producto71
72,Producto72
73,Producto73
74,Producto74
75,Producto75
76,Producto76
77,Producto77
78,Producto78
79,Producto79
80,Producto80
81,Producto81
82,Producto82
83,Producto83
84,Producto84
85,Producto85
86,Producto86
87,Producto87
88,Producto88
89,Producto89
90,Producto90
91,Producto91
92,Producto92
93,Producto93
94,Producto94
95,Producto95
96,Producto96
97,Producto97
98,Producto98
99,Producto99
100,Producto100
